SKU_ID,Attr_1,Attr_2,Attr_3,condition,ListingCount
003f9f1083,2ds,3ds,3ds 2ds,BRAND NEW,1
0044fdd558,controller,one,one with,WELL USED,2
004830cec6,blue,edition,ps3,WELL USED,1
005f2d29ab,128gb,128gb modded,128gb modded nintendo,LIKE NEW,2
00a787ef8f,controller,one,one controller,WELL USED,3
00d7b45673,2ds,2ds modded,modded,LIKE NEW,1
01005d6e8c,one,spoilt,xbox,LIGHTLY USED,1
0114ee6c44,modded,wii,,WELL USED,1
012ea9cee5,custom,controllers,ps4,LIKE NEW,1
01313b9dd5,bundle,horizon,of,LIKE NEW,1
013bc34b91,2ds,2ds xl,2ds xl modded,LIKE NEW,1
014b084a27,2x,carrying,carrying case,LIKE NEW,1
01655f86d8,games,move,ps3,WELL USED,1
0166a018f3,500gb,nego,ps4,LIKE NEW,1
016aabc0b6,3ds,new,new nintendo,LIGHTLY USED,1
017841f23b,controller,dual,fantasy,BRAND NEW,1
0183ed7dd9,brand,brand new,bundle,BRAND NEW,1
0184486db2,ll,,,WELL USED,1
0196785800,modded,ps3,,WELL USED,1
01ace2ac48,500gb,playstation,playstation slim,LIGHTLY USED,2
01b4513527,edition,of,ps4,LIGHTLY USED,1
01bd071070,xbox,,,LIGHTLY USED,3
01c36f4d14,xbox,,,BRAND NEW,1
01c5bf331f,160gb,3006a,cech,LIKE NEW,1
01d4546d9e,color,nintendo,nintendo switch,LIKE NEW,1
01e2d5e87e,condition,like,like new,LIKE NEW,1
01ef4e513b,complete,complete set,one,LIGHTLY USED,1
01fd41d97e,digital,fat,ps5,LIGHTLY USED,1
021b58f6a2,3ds,nintendo,,LIGHTLY USED,1
02406a2fcb,256gb,gen,modded,WELL USED,1
027a416323,xbox,controller,elite,LIGHTLY USED,1
02a4af44cf,sports,14,console,LIGHTLY USED,1
031286b6b9,controller,one,one with,LIKE NEW,1
031bd63277,full,full set,ps3,LIKE NEW,1
0370511340,controllers,digital,dualsense,LIKE NEW,1
0375f050a8,not,not working,playstation,HEAVILY USED,1
03b17b1ccb,one,one series,series,LIKE NEW,1
03bb5d4e40,consoles,controller,one,LIGHTLY USED,1
03f73a1605,controller,controller for,controller for sale,BRAND NEW,2
040f26eff2,1tb,digital,ps5,LIGHTLY USED,1
0438e13fb4,black,black nintendo,ds,WELL USED,1
04685db467,playstation,,,LIKE NEW,11
0492d01dd3,accessories,console,nintendo,WELL USED,1
04a27dca08,bundle,bundle set,console,LIGHTLY USED,1
04b0a1346f,controllers,controllers games,faulty,WELL USED,1
04c37c7373,controllers,controllers games,deluxe,LIGHTLY USED,1
04dbb8662c,blue,gen,nintendo,LIGHTLY USED,1
04e45f1b02,lite,lite turquoise,nintendo,WELL USED,1
04e9f5a93e,edition,limited,limited edition,LIKE NEW,3
04f50ead5b,lite,lite yellow,nintendo,BRAND NEW,1
054cf9176c,500gb,full,full set,LIGHTLY USED,1
05d9c36f81,controller,controller for,controller for sale,WELL USED,1
05f92f433b,500gb,500gb controllers,controllers,LIGHTLY USED,1
0612b373d3,edition,lite,nintendo,LIGHTLY USED,2
062b831e9e,games,nintendo,nintendo switch,LIGHTLY USED,1
0634eec807,full,full set,playstation,LIKE NEW,1
064d0b1d5a,brand,brand new,edition,LIGHTLY USED,1
066fc42204,3ds,condition,modded,LIKE NEW,1
0683057002,condition,mint,mint condition,LIKE NEW,2
069234c798,120gb,accessories,box,LIKE NEW,1
06da0b900f,and,and zamazenta,lite,LIGHTLY USED,2
06dd7ebc4b,wii,and,and games,LIGHTLY USED,2
06f9d42302,controller,dualshock,dualshock wireless,BRAND NEW,2
07129de712,card,case,nintendo,LIKE NEW,1
07200b0ce9,console,console set,nintendo,WELL USED,1
0726f5ca1c,2ds,2ds xl,edition,LIGHTLY USED,2
0730c83e43,board,nintendo,nintendo wii,WELL USED,1
0738d8b706,digital,ps5,ps5 slim,LIGHTLY USED,2
0751100eb1,model,playstation,,LIGHTLY USED,1
078da0666b,black,dsi,mod,WELL USED,1
07aee140c6,disc,playstation,playstation disc,LIKE NEW,1
07f5082a12,can,games,gen,LIKE NEW,1
07f97b4ad1,bnib,nintendo,nintendo switch,BRAND NEW,2
080e3be140,500gb,and,and two,LIGHTLY USED,1
0828512c93,gta,,,LIKE NEW,1
084ea1a21c,modded,playstation,,WELL USED,1
0863af25d9,3ds,3ds xl,modded,LIGHTLY USED,6
0863e288fb,1tb,console,console 1tb,BRAND NEW,2
08b3055111,2ds,nintendo,nintendo 2ds,HEAVILY USED,1
08ce40633f,games,nintendo,nintendo switch,LIKE NEW,3
08da5da1f8,512gb,hard,hard modded,LIKE NEW,1
08e7bd1291,3ds,3ds xl,games,WELL USED,1
08f1c5948d,bundle,console,console games,HEAVILY USED,1
09088458b8,bundle,genshin,genshin impact,BRAND NEW,2
0916a51d93,3ds,3ds xl,3ds xl galaxy,LIKE NEW,3
0928c5777f,for,for sale,playstation,WELL USED,1
0967dae0a7,512gb,gen,hard,WELL USED,1
0976c3dbf8,and,and zamazenta,edition,LIGHTLY USED,1
0a4b5ded89,and,games,games nintendo,WELL USED,1
0a6978eaa0,128gb,card,lite,HEAVILY USED,1
0a9d2b188c,clearance,clearance nintendo,edition,LIKE NEW,1
0ad8e48f20,edition,lite,lite pokemon,LIKE NEW,2
0adace33c2,128gb,3dsxl,free,LIKE NEW,1
0af5f9d015,120gb,controller,playstation,LIKE NEW,1
0b4f5631e5,controller,for,ps5,LIKE NEW,1
0b569827d8,playstation,playstation with,with,LIKE NEW,1
0b64915d4b,and,and games,controller,WELL USED,1
0b709853d7,full,full set,ps5,LIKE NEW,1
0bf2f89154,blue,games,lite,LIKE NEW,1
0c187ebff8,500gb,fat,fat 500gb,LIKE NEW,1
0c41e546d5,for,kart,mario,BRAND NEW,1
0c483f6801,blue,disc,lite,LIKE NEW,1
0c5dc35b49,neon,blue,model,LIGHTLY USED,1
0c83722b68,nintendo,nintendo wii,wii,HEAVILY USED,6
0c87fda540,accesories,many,one,LIKE NEW,1
0cbbf832ee,adapter,wireless,xbox,LIKE NEW,1
0d094c60b6,for,ps4,ps4 slim,LIGHTLY USED,1
0d3a164698,adapter,and,cable,WELL USED,1
0d5badea88,controller,dualsense,dualsense controller,LIKE NEW,1
0d653c92a2,blue,blue red,model,LIKE NEW,1
0d779cfbcc,3ds,3ds xl,3ds xl white,LIGHTLY USED,3
0d9fd740ab,2tb,ps4,,WELL USED,1
0dddb6ac5d,and,g29,logitech,LIKE NEW,1
0dedcb4ae4,128gb,card,free,LIKE NEW,1
0df659aaa8,controllers,playstation,playstation ps4,LIKE NEW,1
0e006accd0,3ds,3ds xl,3ds xl black,LIKE NEW,3
0e7a45f1d0,modded,switch,switch v1,HEAVILY USED,1
0eabf6eb7a,3006a,cech,cech 3006a,LIGHTLY USED,1
0ebcfdb4dd,portal,ps5,ps5 portal,LIKE NEW,1
0ec3845206,3ds,3ds ll,dual,LIGHTLY USED,1
0ec69583a1,free,free game,game,LIGHTLY USED,1
0ecb9bdce5,lite,negotiable,nintendo,LIGHTLY USED,1
0f0323560d,one,selling,xbox,LIKE NEW,1
0f2fe58c4d,30,bundle,bundle set,LIGHTLY USED,1
0f5d06b75a,jailbreak,modded,modded jailbreak,WELL USED,1
0f934851fd,01,bnib,bnib ps5,BRAND NEW,1
0f94e27b69,controllers,xbox,xbox controllers,HEAVILY USED,1
0fa2c907cb,edge,ps5,,LIKE NEW,1
0fcc70568b,3ds,3ds ll,ll,LIKE NEW,4
0fe159f5a2,game,nintendo,nintendo switch,LIGHTLY USED,1
0fe2ece3d8,1tb,1tb ssd,additional,LIKE NEW,1
1012a5ea53,3ds,3ds xl,3ds xl pikachu,BRAND NEW,1
103da3cd2c,nintendo,3ds,ds,HEAVILY USED,1
105fedd844,and,and games,black,WELL USED,1
1062a256c8,500gb,disc,hdd,LIGHTLY USED,1
107b501ca1,playstation,playstation portal,portal,LIGHTLY USED,2
108bb43505,one,series,thrustmaster,LIKE NEW,1
10b1325df6,gen,ps3,,WELL USED,1
10d665e752,as,but,it,BRAND NEW,1
10e3824623,ps5,cooling,cooling fan,LIKE NEW,1
10f7711fcd,brand,brand new,nego,BRAND NEW,1
1103e4228b,kinect,adapter,and,BRAND NEW,1
110d69432f,console,kinect,one,WELL USED,1
11177b2dc3,collector,collector edition,edition,BRAND NEW,1
11293f80fc,3ds,3ds xl,nintendo,WELL USED,15
11b1572120,case,lite,lite yellow,LIKE NEW,1
11b7129694,one,one tb,tb,WELL USED,2
11d0734505,3ds,perfect,video,LIKE NEW,1
11eddca7a6,controllers,games,ps4,WELL USED,1
12550d66a4,game,all,console,LIGHTLY USED,1
1261761068,320gb,please,ps3,LIGHTLY USED,1
12868873c5,set,disc,local,LIGHTLY USED,1
12be1d5c59,black,midnight,midnight black,BRAND NEW,1
12bfb4b601,logitech,racing,racing wheel,LIGHTLY USED,1
12c5cf1216,playstation,ps2,,LIGHTLY USED,1
12e73940e2,bnib,disc,ps5,BRAND NEW,1
12edae4c65,12,12 games,3ds,LIKE NEW,1
131ae7785d,guitar,hero,wii,LIGHTLY USED,1
135569da5f,controller,xbox,xbox controller,WELL USED,3
1358020be0,edition,lite,lite pokémon,LIKE NEW,1
135c77fcf2,and,and charging,blue,LIGHTLY USED,1
13ae187016,64gb,and,box,LIGHTLY USED,1
13c3bd97d5,2tb,controller,original,LIGHTLY USED,1
13e50de7b6,controllers,controllers games,games,WELL USED,4
13f2cc59b7,500gb,not,not working,HEAVILY USED,1
140f3bf3c1,1540,and,and kinect,WELL USED,1
142166d832,playstation,playstation pro,pro,LIKE NEW,1
143af76f65,2ds,blue,nintendo,HEAVILY USED,1
14930fe299,500gb,fat,fat 500gb,WELL USED,2
1531c99507,nintendo,nintendo switch,switch,LIGHTLY USED,14
1546b22a8d,nintendo,nintendo switch,nintendo switch oled,LIGHTLY USED,37
155a6bd9fe,2ds,2ds xl,nintendo,LIGHTLY USED,4
155edf4a2b,faulty,nintendo,nintendo switch,WELL USED,1
15a0027b25,console,console with,console with controller,WELL USED,4
15be3b68d6,blue,lite,lite blue,LIGHTLY USED,4
162770d9a0,controller,series,series with,LIGHTLY USED,2
1642e8ef81,500gb,500gb with,one,WELL USED,1
169340ce1b,and,and charging,and charging dock,LIKE NEW,1
16b5426df7,one,used,xbox,LIGHTLY USED,1
16c832f8d7,cfi,playstation,playstation portal,BRAND NEW,1
16ce72057b,160gb,cech,ps3,WELL USED,1
16f3dbe8ec,one,urgent,xbox,LIKE NEW,1
17172af32b,ds,ds lite,lite,WELL USED,2
1723da3da7,description,digital,free,LIGHTLY USED,1
1736c88e34,for,ps3,ps3 for,WELL USED,1
173b7657df,and,extra,games,LIGHTLY USED,1
1751767c82,wireless,,,WELL USED,1
1757c24917,deluxe,mariokart,nintendo,LIKE NEW,1
176d0563af,1tb,1tb controllers,and,WELL USED,1
177970c715,bros,deluxe,disc,LIKE NEW,1
17b008283e,box,ps5,,BRAND NEW,1
17ba28dd41,minecraft,1tb,bundle,BRAND NEW,1
17fbd7cd37,1tb,controller,charger,LIGHTLY USED,1
1827406eb3,controllers,one,plus,LIGHTLY USED,1
18323a5ac6,from,series,xbox,LIKE NEW,1
183be8133c,cable,and,console,LIGHTLY USED,1
1849ae2962,and,edition,jp,LIKE NEW,1
1853bf1588,console,console disc,disc,LIGHTLY USED,1
187a7f4a2f,2x,lite,nintendo,LIKE NEW,1
18bce12a88,500,500 gb,faulty,WELL USED,1
18de6a898e,consoles,ps4,,WELL USED,1
18e7ae32c9,pro,ps4,ps4 pro,HEAVILY USED,1
1920489301,console,disc,disc console,BRAND NEW,2
192129c294,500,500 gb,gb,LIGHTLY USED,6
195809377a,games,ps3,spoilt,HEAVILY USED,1
1975495fc3,edition,god,god of,BRAND NEW,1
197dfe4712,sold,,,LIGHTLY USED,1
198dc05d92,3dsxl,dual,dual ips,LIKE NEW,1
19a80a5526,console,console set,set,WELL USED,1
19a976a846,black,black nintendo,nintendo,LIKE NEW,1
1a04c79df0,500gb,ps4,ps4 500gb,WELL USED,8
1a18310df7,512,512 gb,controllers,LIKE NEW,1
1a4b06daa3,1tb,1tb disc,console,BRAND NEW,2
1a80918720,by,consoles,for,HEAVILY USED,1
1aad74884b,1tb,edition,gold,LIGHTLY USED,1
1abb523c26,game,kinect,one,WELL USED,1
1ac11a9a55,adapter,pc,psvr2,LIKE NEW,1
1ad8c22289,all,and,games,LIGHTLY USED,1
1af6502855,blue,blue nintendo,blue nintendo switch,WELL USED,1
1af72f9d55,ds,ds lite,lite,LIGHTLY USED,6
1b25faabeb,console,console with,console with games,LIGHTLY USED,1
1b5200cd9b,20,20 games,and,LIGHTLY USED,1
1b6223568a,825gb,disc,model,LIKE NEW,1
1b958213bf,wii,fit,sports,HEAVILY USED,1
1b9ddc1364,3ds,and,games,WELL USED,1
1bef086cb0,grey,lite,lite grey,LIKE NEW,4
1c0a58a6f0,and,and games,controller,LIKE NEW,3
1c238e1806,disc,playstation,playstation disc,LIGHTLY USED,1
1c7dbedff4,animal,animal crossing,crossing,BRAND NEW,11
1c9d8e70e8,3ds,for,for sale,LIKE NEW,1
1cb6eff14e,512gb,controllers,series,LIGHTLY USED,1
1cbeee9647,controller,500gb,charging,LIGHTLY USED,1
1d1323e7b6,controller,rechargeable,series,LIGHTLY USED,2
1d16c9d733,1tb,1tb controller,controller,WELL USED,1
1d84db56ae,512,512 gb,gb,LIKE NEW,2
1d9c646c11,3ds,3ds games,3ds xl,WELL USED,1
1dad6662c4,2ds,nintendo,nintendo 2ds,WELL USED,1
1de884ac7d,condition,for,for sale,LIKE NEW,1
1decc867fa,1tb,like,like new,LIKE NEW,1
1df8030e59,for,for sale,modded,WELL USED,1
1e014331a1,1tb,1tb with,23,WELL USED,1
1e118f2b82,game,nintendo,nintendo wii,LIGHTLY USED,1
1e2009cf5a,case,charger,coral,LIKE NEW,1
1e41fecd43,bundle,nintendo,nintendo switch,LIGHTLY USED,1
1e4f24b0a4,cd,controller,game,HEAVILY USED,1
1e7170afd9,console,gen,gen console,WELL USED,1
1e89ee76d5,model,model white,nintendo,LIGHTLY USED,1
1ea96b14a9,console,playstation,playstation ps3,LIKE NEW,1
1eb55429ad,500gb,console,console 500gb,LIKE NEW,2
1f4a206c14,bundle,for,for sale,HEAVILY USED,1
1f91315bc0,and,and games,controllers,LIGHTLY USED,4
1fc254725c,wii,accessories,and,WELL USED,1
1fee48794d,3ds,3ds xl,animal,LIKE NEW,1
203458d980,controller,ps3,ps3 controller,LIGHTLY USED,1
20526c2688,bnib,lite,lite turquoise,BRAND NEW,1
20de7011fa,1tb,1tb console,console,BRAND NEW,2
2103a70961,console,game,game console,WELL USED,2
21047841e0,ps4,ps4 with,vr,LIGHTLY USED,1
2154144b54,3ds,3ds xl,3ds xl modded,LIGHTLY USED,6
217c3d7ba4,ds,modded,modded nintendo,LIGHTLY USED,1
21873c9cc4,console,series,series console,LIGHTLY USED,3
21b0f076f8,condition,great,in,LIKE NEW,1
221638ee02,game,ps3,,LIGHTLY USED,1
221bbeb6ee,1tb,digital,digital 1tb,LIGHTLY USED,1
222ec8372d,10,games,one,WELL USED,1
223ec63b68,controller,controller robot,controller robot white,BRAND NEW,1
22568e1f90,1tb,playstation,playstation slim,LIGHTLY USED,1
2268289378,hard,hard modded,modded,BRAND NEW,1
226eac50e0,nintendo,nintendo wii,no,WELL USED,1
22807e91c8,500gb,500gb with,game,LIGHTLY USED,1
228d021ec9,console,playstation,playstation console,LIGHTLY USED,5
22bc30157e,lite,lite modded,modded,LIKE NEW,3
22e515bd23,3ds,3ds xl,nintendo,HEAVILY USED,2
22f163f37d,accessories,bundle,buy,HEAVILY USED,1
234379f17c,nitendo,nitendo switch,switch,LIKE NEW,1
2389353ca3,1tb,controllers,included,LIGHTLY USED,1
238adfcd50,gray,lite,lite gray,LIGHTLY USED,1
23983c0856,comes,comes with,edition,LIKE NEW,1
2413526e57,1tb,1tb local,brand,BRAND NEW,1
241a878285,25th,25th anniversary,anniversary,LIKE NEW,1
241ab76fc2,32gb,3ds,3ds modded,WELL USED,1
24205d3c4d,19,fifa,,LIKE NEW,1
2438d20c9b,1tb,for,open,LIKE NEW,1
24d795a7f7,pro,ps,ps pro,LIGHTLY USED,1
24ed774b08,bnib,bnib local,disc,BRAND NEW,1
24f8077ef1,3ds,3ds xl,faulty,WELL USED,1
25008b3162,3ds,3ds xl,3ds xl galaxy,LIGHTLY USED,1
251630a1e1,bnib,bnib local,digital,BRAND NEW,1
255b7b4c73,lite,lite yellow,nintendo,LIGHTLY USED,3
2584ef77e6,lite,switch,switch lite,LIGHTLY USED,3
25ab572a40,disc,disc edition,edition,BRAND NEW,9
25abb1686e,modded,lite,lite modded,WELL USED,1
25cfb69f3b,controller,and,controller and,LIGHTLY USED,1
267cf885e1,128gb,3ds,3ds xl,LIGHTLY USED,2
269b453b9f,loved,playstation,pre,WELL USED,1
26a71f9798,bnib,gray,lite,BRAND NEW,1
26b61749bd,1tb,for,gaming,WELL USED,1
26e230e77f,playstation,storage,,LIGHTLY USED,1
26f8a60bdf,gen,nintendo,nintendo switch,WELL USED,8
27228618ee,edition,faulty,lite,HEAVILY USED,1
274a6ccd64,complete,complete set,complete set with,WELL USED,1
2752155833,console,console with,free,LIGHTLY USED,1
275bcd5e63,500gb,500gb with,and,LIGHTLY USED,2
279dc6d4b9,in,2ds,2ds xl,LIKE NEW,1
27ca4a7e9c,kinect,one,one kinect,LIKE NEW,1
27e47cc154,accessories,accessories games,all,LIGHTLY USED,1
27e904c7cb,controller,pro,wired,BRAND NEW,1
27f514d8d6,controller,nintendo,nintendo wii,BRAND NEW,1
28264b4088,of,one,sets,WELL USED,1
282d3815f3,kart,mario,mario kart,WELL USED,1
2839c0ca01,grey,lite,lite grey,BRAND NEW,3
28467889b6,1tb,1tb ssd,series,LIKE NEW,1
28613abf97,console,dsi,nintendo,LIKE NEW,1
288b66a80f,3ds,new,new 3ds,WELL USED,1
28a6f5be01,20th,20th anniversary,2ds,BRAND NEW,1
28aa4da332,console,game,game console,LIKE NEW,1
28b37b0f7e,500gb,one,one 500gb,LIGHTLY USED,14
290704e19f,3ds,3ds xl,3ds xl white,WELL USED,1
292c7423c0,1tb,one,one 1tb,BRAND NEW,1
2997256cda,model,ps3,spoiled,HEAVILY USED,1
2997ecbc72,3ds,3ds xl,edition,LIGHTLY USED,1
299956eb47,3ds,3ds ll,japan,LIKE NEW,1
29be84d4a0,3ds,3ds xl,for,LIGHTLY USED,1
2a15f12d99,controller,wireless,wireless controller,LIKE NEW,6
2a46fbd7c9,edition,disc,disc edition,LIGHTLY USED,1
2a47cd3950,3ds,3ds xl,3ds xl modded,LIKE NEW,5
2a72af1c94,condition,good,in,LIGHTLY USED,1
2a75560d76,set,complete,complete set,LIGHTLY USED,1
2a9b77db8b,black,sales,,LIKE NEW,1
2aad1a05b6,gen,gray,grey,LIKE NEW,1
2b0906d9ed,nintendo,nintendo switch,nintendo switch oled,LIKE NEW,75
2b23d360e6,accessories,modded,plays,LIGHTLY USED,1
2b351fbc5f,playstation,playstation ps3,ps3,LIGHTLY USED,3
2b388bf90b,500gb,one,one 500gb,HEAVILY USED,2
2b8618e05e,games,moving,moving out,LIKE NEW,1
2bd15038f7,ps5,,,LIGHTLY USED,7
2be9acd5b1,slim,light,playstation,WELL USED,1
2c1d96bdf3,controls,ps4,ps4 with,WELL USED,1
2c26afc866,console,console with,console with controllers,LIKE NEW,1
2c2878895c,console,console games,games,WELL USED,2
2c62d0bbde,blue,blue nintendo,blue nintendo switch,LIGHTLY USED,1
2c63d54007,controller,one,one wireless,LIKE NEW,5
2c88475141,and,and games,controllers,LIKE NEW,2
2d133dbf10,camera,playstation,,BRAND NEW,1
2d221b8802,no,box,charger,WELL USED,1
2d6f8fca1a,2ds,2ds xl,brand,BRAND NEW,1
2df57ccaec,3ds,3ds xl,3ds xl modded,BRAND NEW,1
2e1ff11b5f,free,free games,games,LIKE NEW,1
2e23452438,160gb,playstation,,LIGHTLY USED,1
2e302b2737,first,generation,playstation,HEAVILY USED,1
2e393392be,10,320gb,game,LIGHTLY USED,1
2e9e437b3f,lite,lite pokémon,nintendo,LIGHTLY USED,1
2ea76173d3,128gb,lite,modded,LIKE NEW,1
2f7919241f,desc,lite,nintendo,LIKE NEW,1
2fb67b7908,512gb,box,box series,LIKE NEW,1
2fdde4982c,pokemon,,,LIGHTLY USED,1
302893202a,disc,ps5,ps5 disc,WELL USED,1
30382d2faf,console,console local,console local set,WELL USED,1
307b97fced,2ds,modded,modded nintendo,WELL USED,1
307cf74b37,one,working,xbox,WELL USED,1
308890972b,ds,for,nintendo,WELL USED,1
30aff1f7b2,ps4,1tb,and,WELL USED,1
30bd48648a,2tb,playstation,playstation ps4,LIGHTLY USED,1
30c2951799,cheap,lite,nintendo,WELL USED,1
30c5cabad7,console,controllers,including,LIGHTLY USED,1
3105ee8f98,12,500gb,destiny,WELL USED,1
3141ad1825,1tb,cfi,console,BRAND NEW,1
3185b72d0a,bnib,bnib nintendo,bnib nintendo switch,BRAND NEW,11
318f2fb6dd,controllers,controllers games,games,LIGHTLY USED,6
3193ce2b6e,3ds,3ds xl,and,LIKE NEW,1
31e07d3613,2ds,nintendo,nintendo 2ds,LIGHTLY USED,2
31e75b998f,cosmetic,series,working,WELL USED,1
32307839d9,bnib,disc,disc edition,BRAND NEW,1
32455e25eb,128gb,2ds,2ds xl,LIKE NEW,2
3259838a8d,and,and controller,controller,LIGHTLY USED,2
326ada11a9,3ds,for,for sale,HEAVILY USED,1
328b8a6e74,console,disc,disc edition,BRAND NEW,1
32d44b0137,console,ps4,ps4 console,LIGHTLY USED,1
32f6c73ab8,board,console,pad,WELL USED,1
33053e905e,nintendo,nintendo wii,wii,LIGHTLY USED,6
33289b3aa2,casing,lite,lite with,LIKE NEW,2
338855b320,500gb,and,and kinect,WELL USED,1
33d8802e26,games,ps3,ps3 with,LIKE NEW,1
33dec95324,controller,elite,elite series,LIKE NEW,1
33df65e629,full,full set,set,WELL USED,1
33f6b06881,box,one,tv,LIGHTLY USED,1
34021ad021,bnib,bnib ps5,bnib ps5 disc,BRAND NEW,3
341388e98a,accessories,full,full set,LIKE NEW,1
34171a9aee,bundle,bundle with,games,LIGHTLY USED,2
34415409f4,fit,wii,wii fit,WELL USED,1
346381a1bd,blue,controller,nintendo,WELL USED,1
346436a9d3,and,edition,nintendo,LIKE NEW,1
3473b90323,black,brand,brand new,BRAND NEW,2
34879b5ef2,ps3,ps3 slim,slim,LIKE NEW,3
348f87c17a,1tb,pro,pro 1tb,LIKE NEW,11
34ad6650bf,1tb,console,edition,LIGHTLY USED,1
34dc73f82a,animal,animal crossing,animal crossing new,LIKE NEW,2
34e009e4a0,lite,lite yellow,nintendo,LIKE NEW,3
34fe729550,and,nintendo,nintendo switch,LIKE NEW,1
34fec6f827,3ds,3ds games,games,HEAVILY USED,1
35172a6159,1tb,1tb expansion,1tb expansion card,LIGHTLY USED,2
351fbe7ce7,3ds,3ds xl,3ds xl ll,WELL USED,4
3529832dd0,wii,complete,complete set,WELL USED,1
35429a2350,games,nintendo,nintendo wii,WELL USED,1
355aa925af,1tb,1tb games,games,LIKE NEW,1
355c6f55f3,price,series,set,LIGHTLY USED,1
357358733b,digital,play,slim,LIGHTLY USED,1
357ed71d5d,3ds,3ds xl,modded,LIKE NEW,3
357fcbeeef,3006b,320gb,cech,WELL USED,1
35878f8109,playstation,playstation with,vr,LIGHTLY USED,1
35efe4bc19,consoles,playstation,ps2,HEAVILY USED,1
360750488f,3ds,3ds with,3ds with games,LIGHTLY USED,2
3636c6b933,160gb,ps3,white,LIGHTLY USED,1
364b43d4cc,neon,nintendo,nintendo switch,BRAND NEW,1
3653462a0c,disc,disc slim,playstation,BRAND NEW,1
36888f37dd,description,for,lite,LIKE NEW,1
369cf46d23,as,for,for sale,LIKE NEW,1
36dd0bcbb4,500gb,lightly,lightly used,LIGHTLY USED,1
3718937221,console,nintendo,nintendo switch,LIKE NEW,1
37189bdaa4,and,black,consoles,WELL USED,1
3722d53ebe,1tb,1tb with,disc,LIGHTLY USED,1
3781120202,bnib,bnib playstation,digital,BRAND NEW,1
37a629ed41,ps4,ps4 slim,slim,WELL USED,6
37be3cbd30,and,and more,controllers,LIGHTLY USED,1
37d0afd27a,controllers,disc,disc with,LIGHTLY USED,2
381c2bfbe8,lite,mint,nintendo,LIKE NEW,1
383ec41028,console,console only,only,WELL USED,1
3841bfa585,box,console,console games,LIGHTLY USED,1
3844482097,colour,neon,nintendo,BRAND NEW,1
38631988d8,joycons,neon,nintendo,LIKE NEW,1
387edf5cdd,oled,switch,switch oled,LIKE NEW,1
387ef02e8f,controllers,xbox,xbox controllers,BRAND NEW,1
388ad64915,500gb,box,box one,LIKE NEW,1
389194f3ea,controllers,playstation,playstation ps4,WELL USED,1
389c7d09ba,controller,ps4,ps4 controller,HEAVILY USED,1
38a5c78d66,local,local set,pro,BRAND NEW,2
38a64d1701,games,playstation,playstation games,WELL USED,1
38e2cccf79,console,games,games nintendo,WELL USED,1
38e7f2da04,and,cables,controller,LIGHTLY USED,1
390ec14fb0,and,and games,controller,LIGHTLY USED,1
39585544c3,dock,ps4,station,LIGHTLY USED,1
39ac4cd874,1tb,1tb with,digital,LIKE NEW,1
39ae2a5917,console,wii,wii console,WELL USED,4
39c288c09f,2ds,2ds xl,xl,WELL USED,1
39f81f084f,edition,hyrule,hyrule edition,BRAND NEW,2
3a0d8a54fc,and,one,one and,LIGHTLY USED,1
3a37c472c2,brand,brand new,brand new sealed,BRAND NEW,5
3a89669eb3,series,1tb,additional,LIGHTLY USED,1
3aa37eb457,controller,gold,playstation,BRAND NEW,1
3ad4ead854,1tb,playstation,playstation with,LIKE NEW,1
3afbbfb282,nintendo,wii,wii nintendo,WELL USED,1
3b042c6abc,825gb,cd,for,LIKE NEW,1
3b16975f5a,2x,consoles,nintendo,WELL USED,1
3b34bd5d97,1tb,xbox,,LIGHTLY USED,1
3b3ec91756,1tb,1tb ssd,series,BRAND NEW,2
3b563f2b58,box,playstation,playstation pro,LIKE NEW,1
3b7d070d8f,2ds,jp,modded,LIKE NEW,1
3b992d085c,lite,lite modded,modded,LIGHTLY USED,1
3bbcd7c07d,ps4,selling,used,LIGHTLY USED,1
3bc1b1afdd,controllers,ps4,ps4 slim,WELL USED,1
3becb57904,1tb,one,one white,WELL USED,1
3bf0161abf,console,dsi,nintendo,LIGHTLY USED,1
3bf3c955c4,aloha,aloha edition,edition,LIKE NEW,1
3c10c4d3c8,3006b,black,cech,HEAVILY USED,1
3c1e48dc0a,1tb,1tb disc,disc,LIGHTLY USED,2
3c1fed4cc0,ps5,used,,LIKE NEW,1
3c24657609,16,fifa,for,WELL USED,1
3c2b646c4e,one,one tb,tb,LIKE NEW,2
3c2d732834,controllers,playstation,playstation controllers,HEAVILY USED,1
3c768e7349,3ds,black,edition,LIKE NEW,1
3c85447b5d,dsi,dsi xl,nintendo,LIGHTLY USED,1
3cb037c608,camera,kinect,one,WELL USED,1
3cbd8f9334,2ds,2ds xl,2ds xl pokeball,WELL USED,1
3cd65148b1,games,games included,included,LIGHTLY USED,2
3d0f4b1996,model,nintendo,nintendo switch,LIGHTLY USED,1
3d1927e5c3,3ds,3ds xl,modded,HEAVILY USED,2
3d475bfe81,1tb,console,disc,BRAND NEW,1
3d5ce9487f,ps3,sony,sony ps3,LIGHTLY USED,1
3d8e24bad1,edition,of,one,WELL USED,1
3d99e29552,11,comes,comes with,LIGHTLY USED,1
3dacec1438,3ds,console,nintendo,LIGHTLY USED,1
3dad160c34,controller,play,play station,LIKE NEW,1
3e146eaf95,series,series with,with,LIGHTLY USED,1
3e4f294d20,black,nintendo,nintendo switch,LIKE NEW,1
3e54bd0426,box,brand,brand new,BRAND NEW,5
3e5876ca74,3ds,3ds dsi,dsi,BRAND NEW,1
3e65e890d7,blue,dsi,dsi xl,LIKE NEW,1
3e68e8880e,digital,digital version,ps5,WELL USED,1
3e71ba8590,fat,ps3,ps3 fat,LIGHTLY USED,3
3ede2e979b,console,nintendo,nintendo switch,LIGHTLY USED,1
3ee03ddf62,drive,game,xbox,LIGHTLY USED,1
3f29e01e48,128gb,lite,lite modded,LIKE NEW,1
3f49408b23,wii,,,LIGHTLY USED,7
3f4f34444b,1tb,disc,disc 1tb,BRAND NEW,2
3f5b81bee7,bnib,controller,1tb,LIKE NEW,1
3f86a02fcc,games,ps4,ps4 with,LIGHTLY USED,1
3fb11ec7fd,500gb,500gb with,controllers,LIGHTLY USED,1
3fde2ac12f,and,and charger,box,LIKE NEW,2
3febc64e72,10,games,playstation,WELL USED,1
4026c591db,player,remotes,two,LIGHTLY USED,1
40430552f9,disk,ps,set,LIKE NEW,1
408e9435a7,edition,nintendo,nintendo switch,LIKE NEW,2
409158a43f,2ds,condition,good,LIGHTLY USED,1
409cb80049,broken,ps3,ps3 slim,HEAVILY USED,1
40b2370c36,modded,wiiu,,WELL USED,1
40c107c765,3ds,nintendo,nintendo 3ds,LIKE NEW,9
40eb76eb7f,controller,ps4,ps4 with,WELL USED,1
40fae41d41,local,20,digital,LIKE NEW,1
412999753c,controller,include,one,LIGHTLY USED,1
4143cf1f42,2ds,2ds xl,3ds,LIGHTLY USED,1
415d2407ea,controller,ps4,,LIKE NEW,1
41950cae69,deal,disc,disc edition,LIGHTLY USED,1
41a34c1861,3ds,3ds xl,games,LIKE NEW,1
41a47134f9,and,and game,console,LIGHTLY USED,1
41b9456ed0,1tb,1tb games,games,LIGHTLY USED,1
41bda4d907,and,accessories,and accessories,LIGHTLY USED,1
421b9b491b,games,set,set with,WELL USED,1
42254e075e,3ds,modded,nintendo,LIGHTLY USED,1
42427e258c,console,console with,console with games,WELL USED,2
4243da5be6,500gb,playstation,playstation ps3,HEAVILY USED,1
4264b8cbe0,3ds,3ds xl,3ds xl blue,LIGHTLY USED,4
4265005f5e,3ds,3ds xl,3ds xl pokemon,LIGHTLY USED,2
4280d50600,box,the,ultimate,LIGHTLY USED,1
4284ac80db,faulty,one,xbox,LIGHTLY USED,1
42b3689a21,128gb,2ds,2ds dsi,HEAVILY USED,1
42b6a27fb4,coral,lite,lite coral,LIKE NEW,3
43003777ec,nintendo,nintendo wii,set,HEAVILY USED,1
4309b8f940,disc,disc edition,disc edition local,BRAND NEW,2
4314c58d92,1tb,genshin,version,LIKE NEW,1
4328966267,console,gen,gen console,LIGHTLY USED,1
432c490bb7,ps2,ps2 ps3,ps3,WELL USED,2
43302f8c33,additional,additional controller,controller,LIGHTLY USED,1
43791cb0c6,1tb,1tb disc,brand,BRAND NEW,1
43aed21352,and,and controller,console,WELL USED,1
43c3c8e4e8,as,controllers,games,LIGHTLY USED,1
440aa6cef5,digital,fat,playstation,WELL USED,1
4414e018e3,controller,ps3,ps3 controller,WELL USED,2
441b66bf7e,man,ps5,spider,LIKE NEW,1
4467d575b8,for,for xbox,for xbox one,BRAND NEW,1
448f243366,3ds,nintendo,nintendo 3ds,HEAVILY USED,3
44b6e7e81e,box,controllers,series,LIGHTLY USED,1
44fdc4edf0,blue,coral,lite,BRAND NEW,1
45144a27de,new,brand,brand new,BRAND NEW,1
45306128d2,pro,2tb,playstation,BRAND NEW,1
4547c60694,console,console tb,series,BRAND NEW,1
4547fd70e4,3ds,modded,new,LIGHTLY USED,1
45524b9eeb,play,play station,ps3,LIGHTLY USED,1
458af67f05,2ds,2ds xl,games,LIKE NEW,2
459499183c,128gb,3ds,modded,LIGHTLY USED,1
45a98903de,controller,one,one controller,BRAND NEW,4
45fc133d26,1tb,1tb expansion,1tb expansion card,LIKE NEW,2
46404adda7,500gb,kinect,one,LIGHTLY USED,1
464f2cb751,ds,ds lite,lite,LIKE NEW,3
46603e54d6,500gb,ps4,ps4 slim,WELL USED,9
4672f515e3,faulty,playstation,ylod,HEAVILY USED,1
467998b1d5,games,ps3,wii,HEAVILY USED,1
469ab8640b,series,series with,wireless,LIKE NEW,1
46a74dcb3d,with,animal,animal crossing,BRAND NEW,1
46a94a1ca5,but,can,on,WELL USED,1
46ccfc23a3,pokemon,,,BRAND NEW,2
46f47a67ab,and,and games,complete,LIGHTLY USED,1
470c48102f,console,ps3,ps3 console,HEAVILY USED,3
4714515a71,controller,digital,ps5,LIGHTLY USED,1
472a8a7756,1st,1st gen,gen,WELL USED,1
474ea18fba,coral,coral pink,lite,LIGHTLY USED,1
47742d998e,2ds,edition,2ds dsi,LIKE NEW,1
477ab2ebc4,,,,LIGHTLY USED,1
478fcb817a,game,nintendo,nintendo switch,LIKE NEW,1
47b8f0909d,dock,edition,joycon,LIKE NEW,1
47d50c81da,bnib,nitendo,nitendo switch,BRAND NEW,2
47e77dc70d,accessories,lite,lite with,LIGHTLY USED,1
48065b6293,ds,nintendo,nintendo ds,WELL USED,4
482c3ae2ea,my,off,selling,LIKE NEW,1
4830f66ff3,1tb,condition,excellent,LIGHTLY USED,1
4854c0ba27,and,box,box and,LIGHTLY USED,1
48572d8ba4,10,1tb,1tb with,LIKE NEW,1
48ade85d68,3ds,nintendo,20th,BRAND NEW,1
48b80e4e3e,and,free,free mario,LIKE NEW,1
490507fac1,and,box,controller,WELL USED,1
493724fbb1,carrying,carrying case,case,LIKE NEW,1
493c8947b7,160gb,blue,playstation,LIKE NEW,1
495e21291b,japan,japan set,series,BRAND NEW,1
49646833aa,2tb,full,full set,LIKE NEW,1
496f9d16f3,lite,modded,modded nintendo,LIGHTLY USED,1
4985c9500e,64gb,and,game,LIGHTLY USED,1
49d0bd22fe,set,wii,wii set,HEAVILY USED,1
49d6b5aae9,brand,brand new,brand new ps5,BRAND NEW,2
49e8cd69ca,edition,heg,nintendo,LIKE NEW,1
4a0361dc69,controller,power,wired,BRAND NEW,1
4a1b45a4e3,additional,additional controller,and,LIKE NEW,1
4a216142c3,cable,hdmi,hdmi cable,LIKE NEW,1
4a3c69da14,console,game,mod,WELL USED,1
4a3e43fbeb,edition,mario,mario red,LIKE NEW,4
4a669bfc24,sensor,wii,,LIKE NEW,1
4a9df74db4,condition,nintendo,nintendo switch,LIKE NEW,1
4aad0dc2fc,controller,no,no controller,LIKE NEW,1
4ae8e7ad6b,kinect,one,one with,LIKE NEW,1
4af0efa78a,and,and games,games,WELL USED,5
4b2dd56418,animal,animal crossing,console,LIKE NEW,1
4b30da2b47,500gb,ps4,ps4 500gb,LIKE NEW,4
4b3f58dcf5,1tb,box,box series,LIKE NEW,1
4b4068ea30,play,play station,ps3,WELL USED,1
4bb1fe0e64,bundle,playstation,,WELL USED,1
4be1b98cea,digital,ps5,ps5 digital,LIKE NEW,3
4c2c15f42d,box,box one,one,LIKE NEW,1
4c5787f19a,black,lite,lite black,LIKE NEW,1
4c58f956c7,1tb,one,one 1tb,WELL USED,10
4c67623728,1tb,console,console with,LIKE NEW,1
4c95b68a57,accessories,wii,wii accessories,BRAND NEW,1
4c9d1313ca,500gb,ps4,,LIGHTLY USED,1
4cab2634d6,seagate,series,series tb,LIGHTLY USED,1
4ccb99dc2e,grey,lite,lite grey,LIGHTLY USED,11
4cdaf986dd,bundle,one,xbox,LIKE NEW,1
4d483e7e75,new,3ds,3ds xl,BRAND NEW,1
4d683ad30a,only,xbox,,LIKE NEW,1
4d88b2708c,160gb,ps3,ps3 slim,LIGHTLY USED,1
4dbf7864a0,lite,modded,modded switch,LIGHTLY USED,1
4ddfce4075,case,like,like new,LIKE NEW,1
4dfa7dabb8,1tb,1tb ssd,playstation,HEAVILY USED,1
4e1343aa78,for,for sale,sale,LIGHTLY USED,1
4e22ebfa9a,console,edition,edition nintendo,LIGHTLY USED,1
4e2c44427b,and,and controllers,controllers,WELL USED,1
4e3f26d2b6,controller,series,series wireless,LIGHTLY USED,1
4e4956f6f3,001,lite,lite yellow,LIGHTLY USED,1
4e55518421,one,xbox,xbox one,WELL USED,36
4e673397cf,1tb,and,controller,WELL USED,1
4e7d4a2886,160gb,ps3,ps3 slim,LIKE NEW,1
4e9f6b879a,authentic,disc,playstation,LIKE NEW,1
4eb4fb6bc7,ps5,sony,sony ps5,LIKE NEW,2
4ef489069c,console,deal,deal nintendo,LIGHTLY USED,1
4f0b71335a,disc,disc edition,edition,LIKE NEW,12
4f14bc9041,kinect,one,one kinect,LIGHTLY USED,1
4f5505da6b,mario,2x,bros,WELL USED,1
4f586f173d,crossing,crossing edition,edition,BRAND NEW,1
4f70c834b5,playstation,playstation ps4,ps4,LIGHTLY USED,1
4fa61e6f61,controller,like,like new,LIKE NEW,1
4fa6734aff,edition,halo,limited,LIKE NEW,1
4fad6b9a68,320gb,playstation,,LIGHTLY USED,1
4fcbd772ae,2tb,card,expansion,BRAND NEW,1
4fd8a1e96d,oled,switch,switch oled,WELL USED,1
5013567965,controller,one,one series,WELL USED,1
502d2b7d88,hard,hard modded,lite,LIGHTLY USED,1
503c9b752b,playstation,playstation with,set,LIKE NEW,1
503df8631c,3ds,3ds ll,ll,LIGHTLY USED,1
508786ff6d,3ds,console,for,WELL USED,1
5090b516d3,500gb,one,one 500gb,WELL USED,11
50a44fdf10,1tb,controllers,kinect,LIGHTLY USED,1
510bee728c,case,one,one with,LIKE NEW,1
512ee3451f,digital,digital edition,edition,LIKE NEW,6
517e00058e,for,for sale,one,LIGHTLY USED,2
5201cd7452,controller,controller white,series,LIKE NEW,2
5227e6dabc,colour,grey,lite,WELL USED,1
526ea3fab2,extra,games,joycons,LIGHTLY USED,1
5276bce1f4,game,game set,mod,HEAVILY USED,1
52a1859cc1,like,like new,model,LIKE NEW,1
52af889259,lite,lite pokemon,nintendo,LIKE NEW,2
52ec905d3c,controller,spoiled,wireless,HEAVILY USED,1
52ed92eba8,description,one,read,LIKE NEW,1
52f12ae710,3ds,modded,modded nintendo,WELL USED,1
52fd805750,1tb,disc,disc edition,BRAND NEW,1
532d580d90,all,complete,console,LIGHTLY USED,1
533de1c960,3ds,3ds xl,ips,LIKE NEW,1
5352aad27b,2ds,2ds xl,nintendo,LIKE NEW,4
53859f334c,local,local set,playstation,LIKE NEW,1
5385d82de2,2ds,2ds xl,edition,LIKE NEW,1
53b956da9c,kinect,microsoft,microsoft xbox,LIGHTLY USED,1
543ec6bc05,controller,ps5,ps5 controller,BRAND NEW,1
545e650a36,500gb,free,free game,LIGHTLY USED,1
546ff7808c,blue,case,charger,LIGHTLY USED,1
54877feed4,dialga,lite,lite pokemon,LIKE NEW,2
5490e7283c,disc,disc drive,drive,BRAND NEW,2
54c16ac4ce,gen,local,local set,BRAND NEW,1
54f7662bcf,color,lite,lite yellow,LIKE NEW,1
5500bca8ba,condition,destiny,edition,WELL USED,1
5526b09f4d,playstation,playstation ps3,ps3,LIKE NEW,1
55299f5822,3ds,nintendo,nintendo 3ds,LIGHTLY USED,10
553697799f,wii,console,games,LIGHTLY USED,1
554655a4df,playstation,sony,sony playstation,LIGHTLY USED,2
5559f64fc3,825gb,disc,disc edition,LIGHTLY USED,1
5578c1b0e3,500gb,or,ps4,LIGHTLY USED,1
5587399d29,and,and zamazenta,edition,LIKE NEW,1
563c11f75e,console,console games,dance,WELL USED,1
56a19156f6,portal,ps,ps portal,LIKE NEW,5
56a3debef5,1tb,digital,digital 1tb,LIKE NEW,1
56bd6038b8,box,full,full set,LIKE NEW,1
5703203cd3,console,console with,controller,WELL USED,1
570b183f9e,black,controller,one,WELL USED,1
5718130dd4,and,console,console with,LIGHTLY USED,1
5790bc5c06,cover,joystick,nintendo,BRAND NEW,1
57bddb0384,lite,nintendo,pokemon,LIKE NEW,1
57c7fa7c03,disk,local,ps5,LIKE NEW,1
57cf83a8bf,gen,nintendo,nintendo switch,HEAVILY USED,1
57d6da584d,modded,ps3,ver,LIGHTLY USED,1
57d78c827a,games,hero,wii,LIGHTLY USED,1
5824122c53,30th,console,console local,BRAND NEW,1
5842e0eb04,500,500 gb,gb,WELL USED,2
58a851ce16,1tb,1tb ssd,card,LIKE NEW,1
58b0a4ad3a,console,for,for ps5,LIKE NEW,1
592bbebd99,playstation,playstation slim,slim,LIKE NEW,1
597519f7fb,1tb,b01,black,LIKE NEW,1
5977ac3987,3ds,128gb,256gb,BRAND NEW,1
59da9c650c,console,edition,gaming,WELL USED,1
5a627c53d5,nintendo,nintendo wii,official,LIKE NEW,1
5a7a645fb8,1tb,1tb ssd,disc,LIKE NEW,1
5a8480bc10,512gb,box,no,LIGHTLY USED,1
5a8cc8c9ff,3ds,blue,modded,WELL USED,1
5a988e05cc,1tb,1tb with,controller,LIGHTLY USED,1
5a9c901bf7,edition,lite,lite zacian,LIKE NEW,1
5ab50ec345,joy,nintendo,nintendo switch,BRAND NEW,1
5ae4716f45,001,as,clearance,LIKE NEW,1
5afb97e2d6,console,nintendo,nintendo wii,WELL USED,3
5b22deefb1,ps4,,,LIKE NEW,8
5b460a07e2,digital,pro,ps,BRAND NEW,1
5bb48a2569,negotiable,series,xbox,LIKE NEW,1
5bc02caf4d,ghost,xbox,,BRAND NEW,1
5bdd8c3b43,3ds,nintendo,nintendo 3ds,WELL USED,12
5be621dfed,new,new sony,ps,BRAND NEW,1
5c486ab8d6,almost,brand,brand new,LIKE NEW,1
5c8252bbf7,console,game,game console,BRAND NEW,1
5cef73e178,disc,disc edition,edition,LIGHTLY USED,18
5d2718f030,1tb,bnib,disc,BRAND NEW,1
5d53cee210,edition,collector,edition rare,WELL USED,1
5d54ec791f,500gb,pro,ps4,LIGHTLY USED,1
5d554275e0,2ds,2ds xl,2ds xl pokeball,LIGHTLY USED,1
5d73617e2e,3ds,3ds japanese,japanese,LIGHTLY USED,1
5d879014b6,1tb,1tb bundle,bundle,BRAND NEW,1
5d8b1e56db,of,the,console,LIGHTLY USED,1
5ddeeaa9a4,g29,logitech,logitech g29,WELL USED,1
5dec0ec264,3ds,3ds xl,3ds xl hyrule,LIGHTLY USED,2
5e1a1647ba,console,edition,hyrule,BRAND NEW,1
5e63b3c01a,ds,nintendo,nintendo ds,BRAND NEW,1
5e73bfaa86,nitendo,nitendo switch,nitendo switch oled,LIKE NEW,4
5e769fb24d,xbox,1tb,1tb with,LIGHTLY USED,1
5f3f3f6425,256gb,edition,gen,LIKE NEW,1
5f421845f4,001,console,gaming,LIKE NEW,1
5f9adda886,controller,series,series controller,LIGHTLY USED,1
5fbdb74d95,and,console,controller,LIGHTLY USED,1
6018ff838a,dock,gen,joycon,LIGHTLY USED,1
601a86a4e8,controller,one,one controller,LIKE NEW,3
6025b49ab0,games,games included,in,LIGHTLY USED,1
602ebf77c8,console,one,one console,WELL USED,6
605b82fd31,nintendo,nintendo wii,wii,LIKE NEW,2
60622cb980,1tb,1tb storage,bnib,BRAND NEW,1
6062b8e557,256gb,modded,nintendo,LIGHTLY USED,1
6086f9c369,faulty,lcd,lite,WELL USED,1
60a6654f5b,pokemon,3ds,3ds xl,WELL USED,1
60b4d87aea,brand,brand new,new,BRAND NEW,15
60e67dad8f,camera,ps4,,LIGHTLY USED,1
60f538d66f,1tb,expansion,seagate,LIGHTLY USED,1
612251ea84,neon,blue,con,LIKE NEW,1
614b4cb7e1,free,free games,games,LIGHTLY USED,1
61587ba9de,gta,halo,one,LIGHTLY USED,1
61ab87ca6d,games,lite,lite with,LIGHTLY USED,1
61b3c97d92,500gb,500gb controllers,controllers,LIKE NEW,1
61bb680df7,1tb,free,free games,LIKE NEW,1
61ea841d3d,box,for,for sale,LIKE NEW,1
620f257c90,1tb,1tb with,kinect,WELL USED,1
620ff1f0f8,3ds,3ds xl,modded,WELL USED,3
6261199246,2ds,3ds,edition,LIGHTLY USED,1
627abe6e60,nintendo,nintendo switch,non,LIGHTLY USED,1
62a8630946,coral,full,full set,LIKE NEW,1
62f1670246,20,20 games,and,HEAVILY USED,1
632b97c086,modded,playstation,,LIKE NEW,1
63464c3055,001,adapter,nintendo,WELL USED,1
63ace8aed1,with,and,games,LIKE NEW,1
63b9f01cac,edition,lite,lite zacian,LIGHTLY USED,1
63c6b41020,ds,nitendo,,WELL USED,1
63d965c28e,disc,ps5,ps5 disc,LIKE NEW,2
63f1bcedcb,console,gen,nintendo,LIKE NEW,1
63fc5f4ed1,16,disc,disc edition,LIKE NEW,1
640763c913,1tb,1tb games,condition,LIKE NEW,1
642327155e,modded,nintendo,nintendo wii,WELL USED,1
6427977b75,3ds,edition,nintendo,LIGHTLY USED,1
642f53396e,ps5,,,WELL USED,4
64b3536dd5,512gb,all,all digital,LIKE NEW,1
64e08794b7,and,and game,controller,LIKE NEW,1
650dedc2ad,ps,,,LIGHTLY USED,1
6537a0a6f4,edition,edition nintendo,limited,LIKE NEW,1
653ca53524,3ds,galaxy,new,WELL USED,1
6547ea640f,box,only,ps4,LIGHTLY USED,1
656530d923,3ds,3ds xl,3ds xl monster,LIGHTLY USED,3
657fb7182a,1tb,gta,one,LIGHTLY USED,1
6622398725,console,console with,console with controllers,LIGHTLY USED,3
6675aee9b0,edition,gen,limited,LIGHTLY USED,1
66a81cb83e,1tb,disc,disc slim,BRAND NEW,1
66af104994,black,digital,digital edition,LIKE NEW,1
66e6f9e6b2,ds,game,nintendo,LIKE NEW,1
66ec426bd8,pokemon,,,WELL USED,1
670f148616,512,card,nintendo,LIKE NEW,1
672e00c34e,controller,fat,games,WELL USED,1
674a4be350,disc,disc edition,disc edition fat,LIKE NEW,1
675228a469,controller,disc,free,LIKE NEW,1
6764dce0f9,nintendo,nintendo switch,nintendo switch oled,BRAND NEW,59
67cca3c162,3ds,3ds xl,games,LIGHTLY USED,1
67d7f41cd6,3ds,3ds xl,new,LIKE NEW,3
67dac8ee5a,console,controllers,dual,WELL USED,1
67e47ab335,500gb,500gb with,console,LIKE NEW,1
67fa6e401e,pro,ps4,ps4 pro,WELL USED,3
67fbf8de89,3ds,3ds xl,japan,LIKE NEW,1
680c6889b7,ps4,ps4 with,with,LIGHTLY USED,1
6859a3ca50,blue,lite,lite blue,LIKE NEW,7
687207f475,and,and controller,console,LIGHTLY USED,1
689ef15873,500gb,and,fifa,LIGHTLY USED,1
68d8ee748c,120gb,playstation,,LIKE NEW,1
691222fb57,edition,disc,disc edition,LIKE NEW,2
6977e53363,2ds,2ds xl,2ds xl ll,LIKE NEW,2
697fa2db5b,cd,game,included,LIKE NEW,1
69b03564a3,xbox,console,controller,LIKE NEW,1
69cc8b5401,controller,controller with,cover,WELL USED,1
69da37a230,ps3,sony,sony ps3,HEAVILY USED,1
69e65ca4f4,500gb,500gb with,kinect,LIKE NEW,1
69f327963b,delivery,digital,digital edition,BRAND NEW,1
6a46291764,10,1tb,23,LIKE NEW,1
6a7969678e,and,controller,controller and,WELL USED,2
6aa60fca8a,playstation,,,HEAVILY USED,6
6aba5fde0f,500gb,ps4,ps4 slim,LIGHTLY USED,31
6b1982835f,coral,gaming,in,LIKE NEW,1
6b1b35aead,accessories,all,gen,WELL USED,1
6b648c484a,500gb,condition,good,LIGHTLY USED,1
6b793d96ff,controller,games,one,LIGHTLY USED,1
6b8e6aee12,2ds,console,edition,LIGHTLY USED,1
6bb7c2b390,authentic,controller,ps4,WELL USED,1
6bef822518,comes,comes with,disk,HEAVILY USED,1
6c45851d50,box,full,full set,WELL USED,1
6c61ced4f8,ds,nintendo,phat,WELL USED,1
6c75860044,3ds,modded,modded nintendo,LIKE NEW,2
6c92eed45e,fat,jailbreak,modded,WELL USED,2
6c9494f6cb,brand,brand new,brand new xbox,BRAND NEW,3
6c9eaa30a0,edition,limited,limited edition,LIGHTLY USED,6
6cc17953c6,free,not,not working,HEAVILY USED,1
6cedc158f6,almost,almost new,condition,LIKE NEW,1
6cf8e10209,3dsxl,new,new nintendo,WELL USED,1
6d0fc1c16c,bnib,bnib playstation,for,BRAND NEW,1
6d4bb5d542,1tb,1tb with,and,LIGHTLY USED,1
6d53f65cd6,1tb,rrt,series,LIKE NEW,1
6d68d6e209,controllers,xbox,xbox controllers,LIGHTLY USED,1
6d7302d64a,ds,ds lite,games,HEAVILY USED,1
6d935bbe34,black,disc,disc edition,WELL USED,1
6d9f8d8a14,controller,controller robot,controller robot white,LIGHTLY USED,1
6dc7640f75,xbox,console,console with,LIGHTLY USED,1
6dd8b5f510,1tb,1tb storage,one,LIGHTLY USED,1
6dfa3db81b,2ds,faulty,ll,HEAVILY USED,1
6e09b5e5c9,blue,controller,ps5,BRAND NEW,1
6e3319c299,3ds,bottom,eu,LIGHTLY USED,1
6e5dd6462a,1tb,digital,edition,BRAND NEW,1
6ea498e07d,casing,comes,comes with,LIKE NEW,1
6eb220d768,1tb,condition,good,LIGHTLY USED,1
6f0b1df793,deal,deal nintendo,deal nintendo switch,LIKE NEW,1
6f4ea37b6d,series,xbox,xbox series,HEAVILY USED,1
6f763faadf,001,heg,nintendo,LIKE NEW,1
6f92c20d82,nintendo,nintendo switch,switch,WELL USED,1
6f9bad1469,blue,lite,lite blue,BRAND NEW,8
6fa18520d6,local,local set,player,LIKE NEW,1
6fb1a86f0c,1tb,bnib,playstation,BRAND NEW,1
6fb68e0912,complete,complete set,mod,WELL USED,1
6fb831d051,box,box series,series,LIGHTLY USED,1
6fb8a4c1b8,controllers,faulty,ps3,HEAVILY USED,1
6ff54a27c9,1tb,one,one 1tb,LIGHTLY USED,19
70048e598c,games,modded,modded nintendo,LIKE NEW,1
702621f488,and,and games,away,WELL USED,2
702743b9f0,can,can nego,edition,LIGHTLY USED,1
704164d9e8,army,edition,green,LIGHTLY USED,1
704e6c5671,10,50,500gb,LIGHTLY USED,1
707169ccec,digital,digital edition,edition,WELL USED,2
70781707a4,for,for sale,nintendo,LIKE NEW,1
70871f0eae,color,grey,lite,WELL USED,1
70bb2bc9e1,digital,ps5,ps5 digital,WELL USED,1
70ca371da4,512gb,series,series 512gb,LIGHTLY USED,2
70d3c76a50,case,edition,in,LIGHTLY USED,1
70ef742dd5,play,play station,station,LIGHTLY USED,1
70f688a06c,portal,ps5,ps5 portal,BRAND NEW,2
70fd37c462,g29,logitech,logitech g29,LIGHTLY USED,3
710239c5bd,32gb,32gb with,32gb with accesories,LIKE NEW,2
7120d535cb,digital,japanese,ps5,LIGHTLY USED,1
71282684ef,games,games included,included,WELL USED,1
718abfedc5,console,console with,controllers,HEAVILY USED,1
71acb3ee50,edition,forza,forza edition,BRAND NEW,1
71badc1653,nintendo,pokemon,red,WELL USED,1
71be564d97,edition,pro,ps4,LIGHTLY USED,1
71c25262f4,console,games,nintendo,LIGHTLY USED,1
71c26e8090,and,and games,games,HEAVILY USED,3
71e3e0920b,lite,nintendo,nintendo switch,BRAND NEW,38
71f5378a11,1tb,and,and controller,WELL USED,1
721123c883,and,and games,controllers,WELL USED,2
72502f22f4,3ds,edition,nintendo,WELL USED,2
7256c0f59b,series,wts,wtt,LIKE NEW,1
72882daca8,xbox,,,WELL USED,1
7297b5718b,junk,lite,nintendo,HEAVILY USED,1
72c89057d5,controller,edition,special,LIKE NEW,1
72e13f57b6,bnib,console,edition,BRAND NEW,1
72fbc324a7,500gb,500gb with,500gb with controller,LIGHTLY USED,2
730c1e8609,1tb,1tb with,1tb with controller,LIGHTLY USED,2
7311419379,xbox,1tb,1tb bundle,LIKE NEW,1
7320d53f4d,old,ps3,,LIGHTLY USED,1
734e39dd45,controllers,two,and,LIKE NEW,1
73b77757f0,32gb,nintendo,nintendo wii,WELL USED,1
73d92f698b,black,lite,lite black,BRAND NEW,1
73f48e63c9,3ds,red,,WELL USED,1
73f5a60150,1tb,one,one original,LIGHTLY USED,1
740d16fcf1,accessories,nintendo,nintendo switch,LIGHTLY USED,1
743c41a7c3,3ds,3ds xl,cheap,LIKE NEW,1
7465873041,oled,switch,switch oled,BRAND NEW,1
749289cbb9,2ds,jp,nintendo,LIGHTLY USED,1
74a1afef15,faulty,games,playstation,HEAVILY USED,1
74b6a656c4,3006b,cech,cech 3006b,WELL USED,1
74b93d877b,500gb,500gb ps4,comes,LIGHTLY USED,1
74bdb060a2,gameboy,with,,BRAND NEW,1
74d6ce8c1c,console,joycons,nitendo,LIGHTLY USED,1
74f950c0cb,and,and games,game,WELL USED,1
74ff47c0d5,controller,series,series wireless,BRAND NEW,1
751377752c,games,lite,lite with,LIKE NEW,2
75361673f3,edition,forza,forza edition,WELL USED,1
755cef2142,games,series,series with,LIKE NEW,1
75856b2d0b,lite,nintendo,nintendo switch,HEAVILY USED,2
75cfa71063,accessories,accessories and,accessories and games,LIKE NEW,1
75d1ffa44f,nitendo,oled,,LIGHTLY USED,1
75d416d609,100,,,LIGHTLY USED,1
75dd4331d6,3ds,3ds xl,3ds xl black,LIGHTLY USED,3
75e2f0e6da,ps,headset,move,WELL USED,1
7605a4069d,console,full,full set,LIKE NEW,1
760720fced,controllers,no,one,LIGHTLY USED,1
76815ea328,bundle,console,god,BRAND NEW,1
76c1bf47f9,fat,ps4,version,WELL USED,1
77014abfde,2tb,controller,controller games,WELL USED,1
774569829d,ps4,,,LIGHTLY USED,21
7799e1c267,3ds,3ds xl,3ds xl pikachu,LIGHTLY USED,3
77ae0c17e3,comes,comes with,controllers,LIKE NEW,1
77cd0cbdf3,and,controller,controller and,LIGHTLY USED,1
77ce4739a5,bundle,bundle with,expansion,LIKE NEW,1
77f13c4e4c,model,new,nintendo,BRAND NEW,1
77feadbf0a,and,cables,console,WELL USED,1
7853fd0f3f,controller,pro,pro with,LIGHTLY USED,1
786180b50d,cech,playstation,playstation slim,LIGHTLY USED,1
7887416da6,games,playstation,playstation games,LIKE NEW,2
7890e2b6df,3ds,3ds xl,black,LIKE NEW,1
789f8f2f08,1tb,edition,edition 1tb,LIGHTLY USED,1
78c0ae5698,controller,custom,one,LIGHTLY USED,1
78cbe7d326,few,few games,games,LIKE NEW,1
78d1f1613f,handheld,portal,ps5,BRAND NEW,1
78d7aa1960,playstation,,,LIGHTLY USED,36
78fe5fec38,3ds,blue,nintendo,LIGHTLY USED,1
797ccc4542,console,console only,only,HEAVILY USED,1
7985d3db92,blue,neon,neon red,BRAND NEW,1
7994053060,and,cover,lite,LIGHTLY USED,1
79e288ba7d,1tb,ps4,ps4 slim,LIGHTLY USED,3
79e515fbbf,2ds,3ds,nintendo,LIKE NEW,1
7a150e250b,500gb,ps3,ps3 super,LIGHTLY USED,1
7a1b16b181,and,and two,box,LIGHTLY USED,1
7a287c5fe4,console,console disc,disc,WELL USED,1
7a28d6d9b2,3ds,and,and charger,LIGHTLY USED,1
7a2c31a5f7,blue,controller,dualsense,LIKE NEW,1
7a7bd82ad9,1tb,digital,digital 1tb,BRAND NEW,1
7a7f697828,brand,brand new,lite,BRAND NEW,4
7a83708f2f,one,one original,original,WELL USED,1
7a90e72afe,console,cover,lite,LIGHTLY USED,1
7aa9675369,1tb,console,console 1tb,LIKE NEW,4
7ac266182f,500gb,ps4,ps4 500gb,HEAVILY USED,3
7ad8a80f71,500gb,destiny,edition,LIGHTLY USED,1
7af2707a18,console,console controllers,controllers,LIGHTLY USED,5
7afa110e53,controller,disc,god,LIKE NEW,1
7afdd97c18,gb,playstation,playstation slim,LIGHTLY USED,1
7b3065c416,25th,25th anniversary,anniversary,LIGHTLY USED,1
7b35b5be86,black,lite,lite black,LIGHTLY USED,1
7b4868cd1a,1tb,ps4,,LIKE NEW,2
7bd9dfc8a8,headset,playstation,,LIKE NEW,1
7bf8820154,1tb,1tb with,box,LIGHTLY USED,1
7c16ca24b2,nitendo,nitendo wii,wii,WELL USED,2
7c1eae6428,bros,console,console oled,LIKE NEW,1
7c590d8438,nintendo,nintendo switch,nintendo switch v2,LIGHTLY USED,2
7c77a478ba,2ds,2ds modded,modded,WELL USED,2
7c8a0baca0,1tb,black,console,LIKE NEW,1
7c8f6a7205,512,512 gb,gb,LIGHTLY USED,1
7cb4e68739,controllers,playstation,playstation controllers,WELL USED,1
7cd56eadce,1tb,black,console,BRAND NEW,1
7ce3462abc,15,15 games,controller,LIGHTLY USED,1
7d30bd7560,16,cover,edition,LIGHTLY USED,1
7d70968032,500gb,local,local set,LIGHTLY USED,1
7d7c6df7b1,no,not,or,WELL USED,1
7db59369e6,games,ps5,,LIGHTLY USED,1
7db67e7f61,console,console with,free,LIKE NEW,1
7dd95e0d59,controller,microsoft,months,LIKE NEW,1
7de4d50bad,3ds,3ds xl,3ds xl hyrule,LIKE NEW,2
7de883bca3,games,one,one with,LIGHTLY USED,1
7dff48eeb1,can,can nego,con,LIKE NEW,1
7e242b3836,controller,controller white,ps5,BRAND NEW,1
7e33f1acd3,eye,playstation,playstation eye,WELL USED,1
7e460e9586,games,ps3,ps3 games,HEAVILY USED,1
7e75c357a6,500gb,500gb with,500gb with games,WELL USED,1
7e7b2062be,brand,brand new,controller,BRAND NEW,1
7ec15b59ed,500gb,500gb controllers,controllers,WELL USED,1
7ec7d99e4d,3ds,3ds xl,edition,LIKE NEW,2
7ef8f96187,and,animal,animal crossing,LIKE NEW,1
7f36fda881,bundle,forza,forza horizon,BRAND NEW,2
7f4e2482b2,ps5,black,cooling,LIKE NEW,1
7f6194f079,loved,pre,pre loved,LIGHTLY USED,1
7f7d6173e6,nintendo,blue,blue nintendo,BRAND NEW,1
7f8a24a717,1tb,black,series,LIGHTLY USED,1
7f8ac38de4,controller,playstation,,WELL USED,1
7fbf58f199,gen,nintendo,nintendo switch,LIKE NEW,23
7fd076abc3,package,ps3,,LIGHTLY USED,1
7fd7f6386e,controls,free,free games,WELL USED,1
7fde07ab20,2ds,2ds xl,2ds xl hylian,LIGHTLY USED,2
7fe6a47bd0,games,play,sony,LIGHTLY USED,1
7fe8e3d9d1,1tb,series,series 1tb,BRAND NEW,10
80101315ee,19,games,pro,LIGHTLY USED,1
801fb0631b,cable,dock,free,BRAND NEW,1
8024270134,nintendo,by,local,BRAND NEW,1
8027b36627,11,controller,dualshock,LIGHTLY USED,1
80292e25c8,512gb,console,series,LIGHTLY USED,1
803283217b,cable,controller,hdmi,WELL USED,1
8072744403,edition,nintendo,nintendo switch,LIGHTLY USED,1
807ae6f78f,3ds,3ds xl,model,LIKE NEW,1
80b9708439,games,kinect,kinect games,LIGHTLY USED,1
80c4183fc5,console,console only,only,LIKE NEW,1
80d757a6e2,controllers,disc,disc drive,HEAVILY USED,1
810a66c22c,160gb,playstation,playstation ps3,WELL USED,1
812e42625d,3ds,3ds xl,3ds xl with,LIGHTLY USED,6
8142dbb433,lite,nitendo,,BRAND NEW,1
817e971c24,all,all digital,digital,LIKE NEW,1
81e64f18d1,accessories,playstation,playstation with,WELL USED,1
81f9d4d686,001,01,brand,BRAND NEW,1
8205dd8b1f,320gb,cech,ps3,LIGHTLY USED,1
823152adea,blue,blue red,nintendo,BRAND NEW,1
8231693c8e,bnib,deal,deal nintendo,BRAND NEW,1
82343dfb37,500gb,500gb slim,ps4,LIGHTLY USED,2
8240439646,console,playstation,playstation console,WELL USED,2
8266d9a79e,with,and,box,BRAND NEW,1
82703dd1e4,black,console,cover,LIGHTLY USED,1
82874a28df,3ds,3ds games,for,LIGHTLY USED,1
8294d97af7,ps5,sony,sony ps5,LIGHTLY USED,2
82d355de5d,console,console set,playstation,LIGHTLY USED,1
82ed5c76f7,controllers,digital,playstation,LIGHTLY USED,1
834d6e2e35,games,ps4,ps5,LIKE NEW,1
834f4d5e64,edition,wii,zelda,WELL USED,1
834ffc8eef,digital,digital edition,edition,BRAND NEW,14
837b380c66,3ds,3ds xl,3ds xl ll,LIGHTLY USED,4
838cacdcc5,controller,wireless,wireless controller,BRAND NEW,2
83919b7507,and,box,brand,LIKE NEW,1
842651aa78,one,controller,controller games,LIGHTLY USED,1
84465968d5,1tb,1tb white,one,LIGHTLY USED,1
8455cb54eb,ds,ds lite,gold,LIKE NEW,1
8457fd3d57,con,joy,joy con,LIKE NEW,1
8480e1ea08,disc,disc drive,drive,LIGHTLY USED,1
84c55250e9,3ds,new,new 3ds,LIGHTLY USED,1
84dd2cebd9,2ds,2ds xl,black,WELL USED,1
84de1f01f9,pokemon,2ds,2ds new3ds,LIKE NEW,1
84ee85d955,3ds,,,LIGHTLY USED,1
85401eabb0,game,of,playstation,WELL USED,1
8606130887,nintendo,nintendo wii,nintendo wii set,WELL USED,1
861389472e,50,only,play,LIKE NEW,1
8689cfa97f,adapter,nintendo,nintendo wii,LIGHTLY USED,1
868faeb0de,1tb,b01,black,LIGHTLY USED,1
869c36f1f9,edition,halo,halo edition,LIGHTLY USED,3
86d7afc9d6,3ds,3ds xl,3ds xl red,LIGHTLY USED,8
8703e0f662,3ds,hunter,monster,WELL USED,1
8704fd1be5,controller,wii,for,LIKE NEW,1
873cddc2f7,cech,ps3,ps3 slim,LIGHTLY USED,1
874de5d7db,camera,playstation,playstation ps,LIKE NEW,1
878d3b6f9b,console,console only,one,WELL USED,1
87b8170d6c,phat,ps3,,WELL USED,1
87bb57d8fd,3ds,3ds xl,edition,WELL USED,2
87c5f03445,2tb,dualshock,dualshock wireless,LIKE NEW,1
87cc84d75f,bnib,bnib playstation,bnib playstation disc,BRAND NEW,3
87db091314,2ds,3ds,3ds xl,LIGHTLY USED,1
880fb4fed7,digital,ps5,ps5 digital,BRAND NEW,1
882002283e,nintendo,nintendo wii,nintendo wii set,LIGHTLY USED,1
8881e6e469,1tb,1tb with,1tb with controllers,LIGHTLY USED,7
88ad211768,disc,disc version,ps5,LIGHTLY USED,6
88c774ae1d,and,and games,condition,WELL USED,1
88efc1214f,nintendo,nintendo switch,nintendo switch oled,HEAVILY USED,2
88f47c1ef3,accessories,accessories and,accessories and games,WELL USED,2
8902a43ce1,one,spoilt,xbox,HEAVILY USED,1
893314076b,brand,brand new,disc,BRAND NEW,2
89457add32,box,nintendo,nintendo switch,LIKE NEW,1
8956c6ea51,sports,wii,wii sports,WELL USED,2
895f33e479,animal,animal crossing,console,WELL USED,1
897170281f,and,and games,console,LIKE NEW,2
8975e4b707,disc,disc edition,disc edition fat,LIGHTLY USED,1
8994e697f3,one,sale,xbox,LIGHTLY USED,1
89ab3e6b7a,lite,nintendo,nintendo lite,BRAND NEW,1
89c79736e6,ps4,sony,station,LIGHTLY USED,1
89d06cd45d,1tb,1tb with,games,WELL USED,1
89d8dc1a3c,game,ps3,time,WELL USED,1
89fed4bcef,lite,nitendo,nitendo switch,LIKE NEW,2
8a636e4909,controller,disc,ps5,LIGHTLY USED,1
8a73576835,for,for sale,pro,LIGHTLY USED,1
8a8846038b,and,free,free games,LIKE NEW,1
8a99c6a595,xbox,controllers,one,WELL USED,1
8aa1e0f684,500gb,console,console 500gb,LIGHTLY USED,2
8abeda74ae,games,gen,inside,WELL USED,1
8ac695b0d0,bundle,console,console disc,LIKE NEW,1
8adb69d9d6,256gb,one,xbox,WELL USED,1
8adeb04029,no,1tb,controller,LIGHTLY USED,1
8b171f7762,3ds,3ds xl,3ds xl console,LIGHTLY USED,1
8b259eefb0,320gb,ps3,ps3 slim,WELL USED,1
8b7a2b5326,accessories,all,wii,LIGHTLY USED,1
8bb8f8b73c,512gb,brand,brand new,LIKE NEW,1
8be79bbef4,eu,xl,,LIGHTLY USED,1
8bf33b41ec,playstation,sony,sony playstation,WELL USED,1
8c39aec76d,3ds,3ds xl,and,LIGHTLY USED,2
8c7ec5875f,box,series,xbox,WELL USED,1
8c9cedd0b5,xbox,controller,controller for,LIKE NEW,1
8cc9f42d90,console,ps3,ps3 slim,LIGHTLY USED,3
8cf407964d,gen,hard,hard modded,LIGHTLY USED,2
8d22e3b77e,1tb,can,can nego,LIGHTLY USED,1
8dab9be3aa,3ds,3ds ll,ll,WELL USED,1
8db569a060,account,urgent,,BRAND NEW,1
8dd5928acf,1tb,box,disc,BRAND NEW,1
8e7ba74602,white,controller,one,LIKE NEW,1
8ec39ac963,complete,complete set,complete set with,LIGHTLY USED,2
8ec852b51c,army,carrying,carrying case,LIGHTLY USED,1
8ec92666e2,accessories,accessories games,games,WELL USED,1
8ed2966966,blue,blue red,model,LIGHTLY USED,1
8ee3dc9ab3,3ds,3ds xl,blue,WELL USED,1
8f0bcb62cb,box,ps4,ps4 slim,LIKE NEW,1
8f138cc430,games,ps3,ps3 with,LIGHTLY USED,1
8f14b82185,box,box series,controller,LIKE NEW,1
8f8321413d,console,playstation,playstation console,LIKE NEW,1
8f934474df,lite,switch,switch lite,BRAND NEW,2
8f947c81a4,playstation,red,,LIGHTLY USED,1
8fabd6c9fc,console,ps3,ps3 with,HEAVILY USED,1
8fc8760959,accessories,console,console with,WELL USED,1
8fcf07513a,adapter,lite,nintendo,LIKE NEW,1
901ebdc80b,for,for sale,playstation,LIKE NEW,1
9032a304f8,32gb,3ds,3ds xl,LIGHTLY USED,1
9064e2c669,series,xbox,xbox series,WELL USED,8
906633f6ab,casing,edition,edition with,LIKE NEW,1
90740c4aeb,local,local sg,playstation,LIKE NEW,1
90778f6658,1tb,1tb bundle,bundle,LIGHTLY USED,1
9095f993cc,1tb,price,series,LIGHTLY USED,1
90ae459bb2,games,ps3,ps3 games,WELL USED,2
90c1a744fb,pro,ps5,ps5 pro,BRAND NEW,3
90d7de3caa,64gb,animal,animal crossing,LIGHTLY USED,1
90e09d7919,controller,dualsense,dualsense controller,BRAND NEW,1
90f027b502,1tb,1tb controller,and,LIKE NEW,1
90f1e8f52c,blue,blue nintendo,blue nintendo switch,BRAND NEW,2
9112905483,card,gb,memory,WELL USED,1
9119ee28f3,bundle,console,console games,LIGHTLY USED,1
911cb09998,512gb,512gb ssd,series,LIKE NEW,3
9130dc5431,and,and controller,charger,WELL USED,1
9134d5e361,1tb,games,one,LIGHTLY USED,1
914ad2c2b6,nintendo,nintendo switch,nintendo switch v2,LIKE NEW,1
91711451bc,controller,xbox,,LIKE NEW,1
9184525dec,1tb,1tb controllers,console,LIKE NEW,1
918c186a52,left,lite,months,LIKE NEW,1
91a092bbda,ps4,sets,,LIGHTLY USED,1
91b83daaef,cech,console,playstation,HEAVILY USED,1
91d49a72a6,box,box one,description,LIGHTLY USED,1
9200c72652,15,15 games,free,WELL USED,1
920a59ddbd,3ds,3ds with,3ds with games,HEAVILY USED,1
920f004f01,cfi,disc,disc version,WELL USED,1
92486d9369,pro,ps4,ps4 pro,LIGHTLY USED,4
9259649106,console,grey,lite,BRAND NEW,1
925dd73d1f,3ds,condition,nintendo,WELL USED,1
925e27348f,can,console,not,LIKE NEW,1
92636b7bb9,20,20 games,bundle,LIGHTLY USED,1
9278075a6c,10,games,great,WELL USED,1
929545f9ea,buy,free,games,LIKE NEW,1
929756985c,for,for sale,lite,LIGHTLY USED,1
92a76f2e06,local,local set,ps5,LIKE NEW,1
936ad22f34,3ds,original,series,LIKE NEW,1
93706b5b8a,console,gen,gen console,HEAVILY USED,1
938a32be94,deluxe,game,lite,LIKE NEW,1
938d3a611a,3ds,3ds xl,nitendo,LIGHTLY USED,1
939c66d1c5,adapter,and,and controller,BRAND NEW,1
93bd7f8406,as,games,photo,WELL USED,1
93fc215206,and,and games,console,LIGHTLY USED,5
940aebab9c,500gb,cech,ps3,LIGHTLY USED,1
942529e429,free,nintendo,nintendo wii,WELL USED,1
9435d1ea37,switch,gen,nintendo,LIKE NEW,1
946163ce7a,wii,console,games,LIKE NEW,1
949815b19c,controllers,controllers games,disc,LIGHTLY USED,1
94ea33565c,of,2ds,console,LIKE NEW,1
94fc0cd10e,500gb,controller,ps4,WELL USED,1
94fdee31d1,gray,lite,lite gray,BRAND NEW,6
9500a25d73,controller,xbox,xbox controller,LIKE NEW,1
950725d4fe,box,original,original box,WELL USED,1
952526196c,japanese,japanese version,version,LIGHTLY USED,1
952afd3d13,for,for sale,games,LIGHTLY USED,1
9534445dd1,nintendo,nintendo switch,switch,LIKE NEW,14
954657f6b5,gray,lite,lite gray,LIKE NEW,1
9547db12d0,and,army,controller,LIGHTLY USED,1
95503042cf,consoles,dsi,lite,LIGHTLY USED,1
9558916a8a,box,box series,series,LIKE NEW,2
955b0671aa,and,console,dialga,LIGHTLY USED,1
955f1cfe22,and,3ds,and games,WELL USED,1
95622950f3,modded,nintendo,nintendo switch,LIKE NEW,2
958760313f,no,1tb,box,LIGHTLY USED,1
958ac4a8fb,2x,500gb,charging,LIGHTLY USED,1
958d8c3140,bundle,console,console bundle,LIGHTLY USED,1
95f8ecaa26,lite,nintendo,nintendo switch,LIKE NEW,83
9604616ad9,2ds,3ds,3ds 2ds,LIGHTLY USED,1
960dece15a,mario,128gb,30,LIGHTLY USED,1
96264cd439,nitendo,wii,,WELL USED,1
966584a96a,controllers,one,one with,LIGHTLY USED,2
96833f8898,lite,nitendo,nitendo switch,LIGHTLY USED,1
96a5a02ca4,with,and,and charger,LIGHTLY USED,1
96a604e735,3ds,cable,modded,LIGHTLY USED,1
96b66fe36b,3ds,3ds xl,3ds xl ll,BRAND NEW,1
96d175516d,and,and games,console,WELL USED,5
97026ca3b6,console,console game,disc,LIKE NEW,1
971c7d124f,and,games,games and,WELL USED,1
971daf628e,ps4,ps4 slim,slim,LIGHTLY USED,9
97301fd960,brand,brand new,digital,BRAND NEW,2
9752ed90a0,3ds,broken,nintendo,HEAVILY USED,1
975b1e458a,console,console tb,one,WELL USED,1
9785c5f696,box,controller,no,WELL USED,2
979e80f3d6,3ds,ds,edition,LIGHTLY USED,1
97fa8c24ec,and,battery,series,LIKE NEW,1
9804b8ac34,accessories,accessories and,accessories and games,LIGHTLY USED,3
98555e897e,lite,switch,switch lite,LIKE NEW,3
9859fcada7,ps4,,,WELL USED,20
989f3a7089,bundle,bundle set,one,LIGHTLY USED,1
98eeeffaa1,ps3,ps3 slim,slim,WELL USED,3
98f51e99b0,red,23,controller,LIGHTLY USED,1
990396f632,15,15 games,console,LIGHTLY USED,1
99184c75cb,1tb,1tb controller,battery,LIKE NEW,1
99311a5a15,disk,edition,playstation,LIKE NEW,1
99714823cb,console,controllers,playstation,HEAVILY USED,1
99aa907ae1,500gb,black,edition,WELL USED,1
99b43985f0,edition,mario,mario edition,LIGHTLY USED,1
99c8788d4a,1tb,all,all digital,LIGHTLY USED,1
99d6524bfe,and,and game,controller,LIGHTLY USED,1
99d662385c,modded,model,nintendo,LIKE NEW,1
9a31377cd4,2tb,pro,pro 2tb,LIGHTLY USED,3
9a429583a1,wii,bundle,fit,LIKE NEW,1
9a4f016ef6,nego,nintendo,nintendo switch,BRAND NEW,2
9a58d9aa39,500gb,500gb with,ps4,WELL USED,1
9a693fe472,dsi,nintendo,nintendo dsi,LIGHTLY USED,1
9a76a4ec82,black,brand,brand new,LIGHTLY USED,1
9ab328e3c0,console,console set,set,LIGHTLY USED,1
9af1930aa1,controller,no,no controller,WELL USED,1
9b266069e0,local,local set,local set with,BRAND NEW,1
9b49b96a0a,1tb,1tb ssd,brand,BRAND NEW,1
9b76a55cff,1tb,series,series 1tb,WELL USED,1
9b905849d3,black,console,console black,WELL USED,1
9b9b71a044,25th,25th anniversary,all,LIKE NEW,1
9bca9350ff,3ds,3ds xl,3ds xl with,LIKE NEW,2
9bd22448f8,controller,one,one controller,LIGHTLY USED,3
9bee26084f,nintendo,nintendo wii,nintendo wii with,WELL USED,1
9bf3e7703b,1tb,open,series,BRAND NEW,1
9bf82f6098,console,nintendo,nintendo wii,LIKE NEW,3
9c380dd01b,256gb,lite,modded,LIGHTLY USED,1
9c7944b7e3,3ds,3ds xl,case,LIKE NEW,1
9c9dd35ddb,animal,animal crossing,crossing,LIGHTLY USED,4
9cbd6faf02,nintendo,nintendo wii,nintendo wii sports,LIGHTLY USED,2
9cc7fa3c5b,accessories,accessories games,all,WELL USED,1
9cff562187,and,blue,box,LIKE NEW,1
9d298c4675,console,ps3,ps3 console,LIGHTLY USED,5
9d31b39785,complete,complete set,series,LIGHTLY USED,1
9d3a85069f,animal,animal crossing,crossing,WELL USED,1
9d52976b25,160gb,console,ps3,HEAVILY USED,1
9d55417a43,faulty,ps3,,HEAVILY USED,1
9d87f33b1d,series,used,xbox,LIKE NEW,2
9d94b254f8,mario,nintendo,nintendo switch,LIKE NEW,1
9d958c4c69,casing,full,full set,LIGHTLY USED,1
9d9e3dbced,ds,ds lite,few,LIGHTLY USED,1
9debe090cc,3ds,3ds xl,case,WELL USED,1
9e38d2db9c,500gb,box,controller,LIKE NEW,1
9ebba287aa,1tb,ps4,ps4 1tb,LIKE NEW,1
9eefdf9fe2,256gb,3ds,and,LIGHTLY USED,1
9f05470832,1tb,1tb console,bundle,LIGHTLY USED,1
9f240a3806,controller,only,playstation,HEAVILY USED,1
9f240cfb00,and,fifa,nintendo,LIKE NEW,1
9f2f021ba2,console,official,playstation,LIKE NEW,1
9f8306e827,set,wii,,LIGHTLY USED,1
9fac049ba7,free,ps3,,WELL USED,1
9fe90acbe0,accesories,games,ps3,WELL USED,1
a017105391,console,console only,only,LIGHTLY USED,1
a017d09887,playstation,ps4,ps4 playstation,LIGHTLY USED,1
a027340e35,3ds,3ds modded,modded,WELL USED,3
a03bb632f6,nintendo,nintendo switch,splatoon,LIKE NEW,1
a071f45be6,and,controller,controller and,HEAVILY USED,1
a073992c70,10,preowned,series,LIKE NEW,1
a076de6451,500gb,playstation,playstation 500gb,LIGHTLY USED,2
a09505ec1b,3ds,3ds xl,can,LIGHTLY USED,1
a0a86297f0,playstation,,,BRAND NEW,6
a0b80aeca1,black,bundle,console,LIGHTLY USED,1
a0eb5ca07e,3ds,3ds xl,condition,LIKE NEW,1
a0f79e10a5,1tb,halo,one,WELL USED,1
a11d73f972,bundle,full,full set,LIGHTLY USED,1
a133592a95,classic,wii,,WELL USED,1
a1351734cb,13,13 games,and,WELL USED,1
a1475bb663,nintendo,,,WELL USED,1
a17ab121b4,1tb,free,free game,LIKE NEW,1
a19383164c,ps3,,,LIKE NEW,6
a1a884f620,30,by,deal,LIKE NEW,1
a1e144109d,1tb,brand,brand new,LIKE NEW,1
a1e8cbf23f,complete,digital,digital edition,LIGHTLY USED,1
a1ed7637db,10,nintendo,nintendo switch,BRAND NEW,1
a1ee7526af,controller,series,without,LIGHTLY USED,1
a1f8f5d33a,cable,playstation,sony,LIGHTLY USED,1
a211f78431,but,gen,joycons,LIGHTLY USED,1
a21e5e0de5,console,ps3,ps3 console,WELL USED,2
a23cb976c6,3dsxl,nintendo,nintendo 3dsxl,LIKE NEW,1
a24660ffb7,lite,nintendo,nintendo switch,LIGHTLY USED,60
a2730c4189,fantasy,final,final fantasy,LIKE NEW,2
a273994d69,controllers,one,one tb,BRAND NEW,1
a2a7a8d1da,charger,dsi,dsi xl,LIGHTLY USED,1
a2aa82f0b2,controller,one,one wireless,LIGHTLY USED,2
a2e8bbd16c,one,with,xbox,BRAND NEW,1
a2eb850d97,controller,dualshock,dualshock wireless,LIKE NEW,1
a2fa482202,2tb,cuh,pro,LIGHTLY USED,1
a33b53a1ec,controller,series,series wireless,LIKE NEW,1
a36fd469a1,3ds,3ds xl,new,HEAVILY USED,2
a38cab3a1a,3ds,gen,modded,LIKE NEW,1
a3b98c7350,playstation,playstation slim,slim,WELL USED,3
a3e7c7f309,deluxe,playstation,playstation ps5,BRAND NEW,1
a416210e02,1tb,box,condition,LIKE NEW,1
a41f91ed14,monitor,pro,pro with,LIGHTLY USED,1
a429d81604,3ds,condition,mint,LIKE NEW,1
a44c4a861b,games,nitendo,nitendo wii,WELL USED,1
a45a84d867,playstation,sony,sony playstation,HEAVILY USED,1
a45c36690d,games,one,one games,LIKE NEW,2
a45ffa6c28,console,description,ps3,WELL USED,1
a48f88244c,wii,,,HEAVILY USED,5
a4a513a4a3,1tb,console,console with,LIGHTLY USED,1
a4bd0dbe3e,lightly,lightly used,series,LIKE NEW,1
a4df63d421,500gb,500gb with,500gb with controller,WELL USED,1
a52bf47a97,model,nintendo,nintendo switch,BRAND NEW,6
a535545450,512,512 gb,gb,WELL USED,1
a54941f5b0,3ds,3ds xl,xl,LIGHTLY USED,3
a565d28e04,,,,WELL USED,2
a588672be5,games,ps3,ps3 slim,WELL USED,1
a58b6e9536,500gb,controller,one,WELL USED,1
a5c54bc21b,slim,spoiled,,HEAVILY USED,1
a60caa3993,all,of,of the,WELL USED,1
a62e9dd566,bundle,console,console with,LIGHTLY USED,1
a698b0f795,13,13 games,1tb,WELL USED,1
a69b37f98f,100,ps4,wts,WELL USED,1
a6d99077b9,controller,dualsense,game,BRAND NEW,1
a6e9a380f2,and,console,joycons,BRAND NEW,1
a6ee1b818f,3ds,3ds xl,3ds xl black,WELL USED,1
a6eff946bd,as,brand,brand new,BRAND NEW,1
a6f627c389,grey,lite,lite grey,WELL USED,2
a6f7c69ed8,green,lite,nintendo,BRAND NEW,1
a6fe2adffe,001,model,nintendo,WELL USED,1
a71d2b3c4f,500gb,500gb with,and,LIKE NEW,1
a738fa6c7b,lite,lite with,local,BRAND NEW,1
a757dafe49,deluxe,games,set,LIGHTLY USED,1
a758f4652e,nintendo,nintendo switch,steering,LIKE NEW,1
a77abcbfa0,12,12 games,accessories,LIGHTLY USED,1
a79d7a59ed,1tb,1tb controllers,controllers,LIGHTLY USED,4
a7fc129909,black,playstation,playstation portal,LIKE NEW,1
a837f161af,coral,lite,lite coral,LIGHTLY USED,2
a85757aa6e,joycon,left,nintendo,HEAVILY USED,1
a92d3820c7,games,13,13 games,LIGHTLY USED,1
a93824f718,console,console oled,nintendo,LIKE NEW,2
a94adf1502,512gb,series,series 512gb,BRAND NEW,2
a956cee246,disc,man,ps4,WELL USED,1
a97a03ba32,gen,nintendo,nintendo switch,BRAND NEW,5
a9e28fbc42,3ds,black,nintendo,HEAVILY USED,1
a9f21ee32b,edition,edition with,edition with games,LIGHTLY USED,1
aa575eac75,100,accessories,and,LIGHTLY USED,1
aa692fd7e1,case,include,lite,LIKE NEW,1
aa795f221e,colour,fat,playstation,LIGHTLY USED,1
aaa9a05b0c,3ds,3ds xl,mariokart,LIGHTLY USED,1
aabd31e2ef,1tb,pro,ps4,LIGHTLY USED,1
aad75b1e55,box,series,xbox,LIKE NEW,1
aaea34425b,500gb,one,one 500gb,LIKE NEW,5
ab97ac41cf,clearance,drum,for,BRAND NEW,1
abaa6418cf,nitendo,,,BRAND NEW,1
abbdf65cb9,edition,hunter,limited,LIKE NEW,1
abc7486a42,disc,disc version,ps5,LIKE NEW,7
ac36628086,joycon,nintendo,nintendo switch,BRAND NEW,1
ac4ad14a9d,aloha,aloha edition,animal,LIKE NEW,1
ac69e43e13,nitendo,nitendo wii,wii,LIGHTLY USED,1
ad8ccf8307,one,one tb,rare,LIGHTLY USED,1
ad8d6363b6,series,xbox,xbox series,BRAND NEW,12
ad9e6517e0,games,model,model with,LIKE NEW,1
addef7f738,500gb,hdd,modded,LIGHTLY USED,1
ae2092613d,digital,digital version,ps5,LIGHTLY USED,2
ae2afb5486,1tb,1tb console,console,LIGHTLY USED,4
ae3b0b292e,controller,controller robot,controller robot white,LIKE NEW,1
ae44cf36b9,and,and controllers,controllers,LIKE NEW,1
ae546bd62c,and,brand,brand new,BRAND NEW,1
ae54dc408a,console,wii,wii console,HEAVILY USED,1
ae96e0a276,1tb,1tb ssd,console,BRAND NEW,1
ae9dd5e905,3ds,3ds xl,xl,WELL USED,1
aeaa525c86,bros,edition,nintendo,WELL USED,1
aeaea55823,model,nintendo,nintendo switch,LIKE NEW,4
aed50c99d1,for,for sale,sale,LIKE NEW,1
af137e4ab7,box,final,price,LIKE NEW,1
af14dd4cb6,edition,limited,limited edition,HEAVILY USED,1
af217e9405,accessories,bundle,controllers,HEAVILY USED,1
af283c1647,new,3ds,3ds xl,LIGHTLY USED,1
af287a2a65,1tb,console,console disc,BRAND NEW,2
af2b6cb205,2ds,2ds xl,2ds xl pokeball,LIKE NEW,1
af2ec868ff,halo,halo infinite,infinite,LIKE NEW,1
af6067e027,playseat,wheel,,LIKE NEW,1
af86302ac6,lite,new,nintendo,BRAND NEW,1
af92172984,cable,cable for,charging,WELL USED,1
aff5b1cb5d,one,xbox,xbox one,HEAVILY USED,4
b0064a5ee1,japan,lite,lite japan,BRAND NEW,1
b017d897b9,controllers,of,ps3,HEAVILY USED,1
b06aad8942,512gb,one,xbox,LIKE NEW,1
b09fe93fbb,160gb,3006a,cech,LIGHTLY USED,1
b0a9b8be5e,controls,games,original,LIGHTLY USED,1
b0c7767862,and,brand,controller,BRAND NEW,1
b0ea0b47a1,condition,console,gaming,LIGHTLY USED,1
b103c9b0f2,away,full,full set,LIKE NEW,1
b10dce4ead,3ds,3ds ll,games,LIGHTLY USED,1
b10fd9fa43,1tb,disk,ps5,BRAND NEW,1
b123082a12,lite,lite pokémon,nintendo,BRAND NEW,1
b14bda860f,and,and games,games,LIGHTLY USED,4
b18ef66935,console,digital,digital version,LIGHTLY USED,1
b198521dd1,500gb,ps4,ps4 slim,LIKE NEW,9
b1cb003d7d,full,full set,gen,LIKE NEW,2
b1d9f21f55,500,deal,local,LIKE NEW,1
b1f7255294,3ds,3ds xl,dual,LIKE NEW,1
b23fb7736e,coral,lite,lite coral,BRAND NEW,2
b24742d700,1tb,series,series 1tb,LIGHTLY USED,16
b251830e2e,500gb,ps4,ps4 500gb,LIGHTLY USED,8
b28a154b4b,1tb,fat,ps4,LIKE NEW,1
b296fb7dff,controller,controller games,games,LIGHTLY USED,4
b2c2011f26,series,xbox,xbox series,LIKE NEW,75
b2e99506c3,logitech,pc,racing,LIGHTLY USED,1
b311fbfde3,playstation,playstation portal,portal,LIKE NEW,9
b31c414bb3,and,and games,console,HEAVILY USED,1
b34aad2f30,3ds,3ds ll,ll,BRAND NEW,1
b359b85797,12,12 games,and,WELL USED,1
b3bf0da097,black,black console,console,LIKE NEW,1
b3c18a92a3,aloha,aloha edition,animal,BRAND NEW,2
b3cca70ffa,console,white,wii,HEAVILY USED,1
b3cd31572a,3ds,3ds xl,bros,LIGHTLY USED,1
b3de857c63,cd,full,full set,WELL USED,1
b3e9ce08d7,bnib,controller,controller for,BRAND NEW,1
b435934155,2tb,modded,ps4,LIGHTLY USED,1
b45af48d00,casing,grey,lite,LIKE NEW,2
b472a37b35,console,console with,console with controller,LIGHTLY USED,1
b488a7567a,box,controller,no,LIGHTLY USED,1
b4d49d58a9,ps3,,,HEAVILY USED,7
b4dec313ce,gen,nintendo,nintendo switch,LIGHTLY USED,20
b53769d807,3ds,cable,cable for,WELL USED,1
b53e80b270,3ds,first,generation,LIGHTLY USED,1
b55b44a093,controller,controller with,games,LIKE NEW,1
b563558300,3ds,3ds black,black,LIKE NEW,1
b58d89a8fe,console,digital,digital local,LIGHTLY USED,1
b5935f6d6b,nintendo,3ds,3ds xl,LIKE NEW,1
b5952f3630,fat,ps4,ps4 fat,HEAVILY USED,1
b59cfcb48f,3ds,broken,charging,WELL USED,1
b5a36a164f,digital,ps5,ps5 slim,LIKE NEW,4
b5ad336762,1tb,ps4,ps4 slim,LIKE NEW,6
b5b3071668,condition,playstation,playstation slim,LIGHTLY USED,1
b5ee8ab005,2ds,2ds xl,collector,LIKE NEW,1
b6103fe3b0,30,console,console with,HEAVILY USED,1
b6343db3e6,disc,playstation,playstation slim,LIKE NEW,1
b657a3c567,3ds,3ds modded,64gb,LIKE NEW,1
b659353df6,1tb,pro,ps4,LIKE NEW,1
b66c97913f,512gb,console,console only,LIKE NEW,1
b682338ee4,dualsense,edge,,LIKE NEW,1
b6d95e73da,blue,bnib,bnib nintendo,BRAND NEW,2
b7109f9368,bnib,bnib ps5,disc,BRAND NEW,2
b723864ffd,controllers,ps4,white,WELL USED,1
b734fcb341,nitendo,nitendo switch,nitendo switch oled,LIGHTLY USED,1
b7521ebc95,accessories,and,and accessories,LIGHTLY USED,2
b7554c5753,and,and games,controller,HEAVILY USED,3
b78d4f5523,1tb,comes,comes with,BRAND NEW,1
b7b8c5559a,1tb,ps4,ps4 1tb,LIGHTLY USED,3
b7ec87d4b6,one,power,xbox,WELL USED,1
b802190ab4,3ds,3ds xl,3ds xl blue,LIKE NEW,1
b83b86121a,3ds,3ds modded,modded,LIGHTLY USED,4
b855bf1cbc,games,kinect,kinect games,HEAVILY USED,1
b873d9bf6c,3ds,3ds ll,hunter,WELL USED,1
b8b2e984fa,negotiable,ps3,ps3 slim,WELL USED,1
b8b4449b4a,console,ps5,ps5 slim,LIKE NEW,1
b8bd47aaae,1tb,ps4,ps4 slim,WELL USED,2
b8f77dd0c9,black,edition,edition playstation,BRAND NEW,1
b8fc3f3a16,console,console games,games,HEAVILY USED,1
b8fc6d7217,xbox,controller,controller for,WELL USED,1
b90b7ec577,1tb,digital,digital edition,WELL USED,1
b911593994,320gb,ps3,ps3 slim,LIGHTLY USED,1
b95982e8c0,box,controllers,inside,BRAND NEW,1
b960989e5e,1540,model,model 1540,LIGHTLY USED,2
b97aab13f0,desc,lite,lite yellow,BRAND NEW,1
b97b2c193f,away,my,ps5,LIGHTLY USED,1
b9825ea744,from,lite,nintendo,BRAND NEW,1
b9b0c8c5b0,racing,and,for,LIGHTLY USED,1
b9ea3d3357,console,wii,wii console,LIKE NEW,1
b9f4cebf01,ps5,ps5 slim,slim,LIKE NEW,2
ba04e469b5,controllers,dualshock,dualshock wireless,LIGHTLY USED,1
ba1d732101,playstation,spoiled,,HEAVILY USED,1
ba2b7475bc,like,like new,new,LIKE NEW,3
ba6a0c1970,old,free,wii,HEAVILY USED,1
bad4bd5ccd,condition,digital,digital edition,LIKE NEW,1
badc4440af,1tb,1tb local,1tb local set,LIKE NEW,3
bb0d8775af,2tb,controllers,one,LIGHTLY USED,1
bb35649548,animal,animal crossing,animal crossing edition,LIGHTLY USED,1
bb4df0f10a,disc,fat,playstation,WELL USED,1
bb64916d96,package,ps5,,LIGHTLY USED,1
bb7043ea1d,almost,almost new,lite,LIKE NEW,1
bbc4bab98e,2tb,playstation,playstation pro,BRAND NEW,1
bbcb7e0b1c,faulty,playstation,playstation ps3,HEAVILY USED,1
bbd7d56016,and,and charger,charger,LIGHTLY USED,1
bbe3bda2c7,console,one,one console,LIGHTLY USED,4
bc1e8c3fbc,games,playstation,playstation slim,LIKE NEW,2
bc1fc9a95d,set,wii,wii set,WELL USED,2
bc86a89c34,and,halo,minecraft,LIGHTLY USED,1
bc96075e49,controller,ps4,ps4 controller,BRAND NEW,1
bd2c0e3e70,disc,disc edition,disc edition with,BRAND NEW,1
bd51f8ae81,box,series,series with,LIKE NEW,1
bdcc9fc1ad,1tb,1tb white,one,LIKE NEW,1
bdd9baa709,15,1tb,brand,BRAND NEW,1
be1747bebf,my,sell,switch,HEAVILY USED,1
be175f1704,console,games,ps3,HEAVILY USED,1
be1f3f4879,controllers,ps5,,LIGHTLY USED,1
be3bf2841e,3ds,3ds xl,ips,WELL USED,2
be5f720187,games,gen,nintendo,LIKE NEW,1
be61220aa6,bundle,nintendo,nintendo wii,LIGHTLY USED,1
be6c644382,console,console game,controllers,LIGHTLY USED,1
be91cb359e,and,controllers,game,BRAND NEW,1
be98171ba9,lite,lite pink,nintendo,LIKE NEW,2
bec64be2d8,cable,hdmi,hdmi cable,WELL USED,1
bf1696d918,1tb,one,one original,WELL USED,1
bf3519dd8e,grey,grey nintendo,grey nintendo switch,LIKE NEW,2
bfa167810e,card,free,lite,LIKE NEW,1
bfa3580b65,case,nintendo,,LIKE NEW,1
bfcee74db1,one,set,xbox,LIKE NEW,1
bfe0212963,controllers,one,one with,WELL USED,3
bffc0e6c6e,xbox,controller,new,LIKE NEW,1
c009158fe1,ps5,sony,sony ps5,BRAND NEW,7
c01d96c52e,cheap,console,good,LIKE NEW,1
c060b301b4,playstation,playstation slim,slim,LIGHTLY USED,1
c06312d0cd,accessories,and,and accessories,WELL USED,4
c0708019d0,series,xbox,xbox series,LIGHTLY USED,83
c084a892fa,games,wts,wts xbox,WELL USED,1
c08765b645,and,and controller,controller,WELL USED,2
c0f6dd8e66,512gb,black,playstation,LIGHTLY USED,1
c120f66419,controller,digital,original,LIGHTLY USED,1
c122372979,black,ps5,ps5 slim,LIKE NEW,1
c1312b47ce,3ds,64gb,modded,WELL USED,1
c134e4bb82,controller,one,one wireless,WELL USED,3
c149e5ff5f,color,deal,deal nintendo,LIKE NEW,1
c14c8efea5,black,description,disc,LIGHTLY USED,1
c14ebd378b,500gb,500gb with,500gb with games,LIGHTLY USED,2
c167d75a1a,accessories,all,and,LIKE NEW,1
c171f75c18,1tb,condition,controller,LIKE NEW,1
c17c040681,3ds,3ds xl,3ds xl red,LIKE NEW,1
c1c021424e,3ds,3ds japanese,japanese,LIKE NEW,1
c1ceae67ec,games,ps4,ps4 games,WELL USED,1
c1f3c3925a,psp,,,LIGHTLY USED,1
c246360537,lite,modded,modded nintendo,HEAVILY USED,1
c24f3f37c2,1tb,for,for sale,LIGHTLY USED,1
c2743d71f3,and,controllers,controllers and,LIKE NEW,1
c28ed07ddb,game,lite,nintendo,LIKE NEW,2
c292dfa1e2,left,series,warranty,LIGHTLY USED,1
c2be371a39,and,ps3,ps3 with,LIKE NEW,1
c2e15a7f90,disc,local,playstation,BRAND NEW,1
c2ef8c3185,coral,coral pink,lite,BRAND NEW,1
c30062dce2,card,card for,case,LIKE NEW,1
c301ba53e1,console,nintendo,nintendo wii,LIGHTLY USED,4
c32521d33e,controller,playstation,playstation with,LIGHTLY USED,1
c3691bdaad,nintendo,nintendo oled,oled,LIKE NEW,2
c37811c5d2,animal,console,gen,LIGHTLY USED,1
c37be23e91,1tb,bnib,bnib ps5,BRAND NEW,1
c3b89420ed,lite,new,new nintendo,BRAND NEW,1
c3c4b8e666,14,controller,games,WELL USED,1
c3cc609de9,controller,dualsense,dualsense controller,WELL USED,1
c408ad9c34,disc,disc version,ps5,WELL USED,1
c4168f21d5,3ds,3ds xl,3ds xl blue,WELL USED,2
c41c39917f,disc,ps5,ps5 slim,LIKE NEW,1
c42ff6b893,accessories,console,console with,LIGHTLY USED,1
c43cafb6d9,with,001,adapter,HEAVILY USED,1
c45233a7cd,2ds,and,and moon,LIKE NEW,2
c45852d331,1tb,pro,pro 1tb,WELL USED,2
c48958bea0,500gb,free,free games,LIGHTLY USED,1
c49ded7c4e,1tb,1tb controllers,controllers,LIKE NEW,1
c4a6821e84,hdmi,adapter,and,LIGHTLY USED,1
c4a718972f,bnib,lite,lite bnib,BRAND NEW,2
c4ad57e73e,2x,controllers,like,LIKE NEW,1
c4b28075fe,nintendo,sets,sony,LIGHTLY USED,1
c4c949641c,15,in,nintendo,WELL USED,1
c4e08f5197,500gb,500gb cuh,b01,LIGHTLY USED,1
c4e1b8a7e1,1tb,playstation,playstation ps5,BRAND NEW,1
c51ac0f4cb,controllers,ps3,ps3 with,LIKE NEW,1
c52d8d8ac9,playstation,white,,HEAVILY USED,1
c59be5a0dc,hard,mod,nintendo,LIKE NEW,1
c5fbea6269,ps3,gba,plays,LIKE NEW,1
c60924e97c,500gb,and,and games,LIGHTLY USED,2
c6327ca1cb,grey,in,lite,LIKE NEW,1
c6388957ef,portal,ps,ps portal,BRAND NEW,1
c66c9ddd8e,1tb,desc,pro,WELL USED,1
c670fd14a9,new,series,xbox,LIKE NEW,2
c6766bbdee,controller,xbox,xbox controller,BRAND NEW,1
c6d6aa5366,3ds,black,black nintendo,LIGHTLY USED,1
c6d94a5f84,1tb,1tb with,1tb with controller,HEAVILY USED,1
c6f02767e9,1tb,one,one 1tb,LIKE NEW,6
c7056b393f,games,playstation,with,WELL USED,1
c74e762964,built,in,nintendo,BRAND NEW,1
c753ac55b3,game,xbox,,LIKE NEW,1
c75a614143,pro,ps4,ps4 pro,LIKE NEW,4
c7631a5e5d,1st,1st gen,disc,LIGHTLY USED,1
c7973fce7a,xbox,console,games,LIGHTLY USED,1
c7b5fbf30f,and,charger,controller,LIGHTLY USED,1
c7da166180,disc,disc version,fat,LIGHTLY USED,1
c81db35bbe,joycon,nintendo,nintendo switch,LIGHTLY USED,1
c841e8999b,ps5,,,BRAND NEW,5
c8509e49ee,controllers,edition,fantasy,WELL USED,1
c87bff71d4,controller,disc,disc edition,LIKE NEW,1
c8977fa3b6,3ds,2ds,3ds 2ds,LIKE NEW,1
c8a2683e3a,dialga,lite,nintendo,LIKE NEW,1
c8cce293d0,consoles,nintendo,nintendo consoles,LIKE NEW,1
c91cdfd2b3,3ds,3ds xl,xl,LIKE NEW,2
c9de0a1968,and,controller,original,LIGHTLY USED,1
c9fb0ad20f,30th,30th anniversary,anniversary,LIKE NEW,1
ca058b87a0,128gb,128gb modded,128gb modded nintendo,LIGHTLY USED,1
ca5a687e9e,500gb,500gb slim,ps4,WELL USED,1
ca7931a153,diablo,digital,of,BRAND NEW,1
ca8b41fa32,oled,switch,zelda,LIKE NEW,1
ca9dc518a2,disc,disc edition,disc edition local,LIKE NEW,2
cac5c1527e,digital,ps5,ps5 slim,BRAND NEW,1
caea31cff0,casing,nintendo,nintendo switch,BRAND NEW,1
cb0124d7ac,3ds,3ds xl,3ds xl limited,LIKE NEW,1
cb1d7e6189,1st,1st gen,gen,LIGHTLY USED,1
cb29d0d5c8,playstation,playstation ps4,ps4,LIKE NEW,1
cb6424e97f,black,blue,blue red,LIGHTLY USED,1
cb98e2baaa,racing,,,LIGHTLY USED,1
cb9e60b754,2ds,2ds xl,cib,BRAND NEW,1
cbbe851947,ps,remote,controller,BRAND NEW,1
cbc019830d,playstation,set,,BRAND NEW,1
cbce0b6ca1,500gb,faulty,one,WELL USED,1
cbd7c85bb1,1tb,for,for sale,LIKE NEW,1
cbf91b7c48,games,nintendo,nintendo wii,HEAVILY USED,1
cc24b7b476,disc,ps5,ps5 disc,LIGHTLY USED,1
cc26f854f5,controllers,digital,digital edition,LIKE NEW,1
cc482ad3fa,adapter,and,cable,LIGHTLY USED,1
cc756e1924,wii,,,WELL USED,5
ccb4edd9da,120gb,playstation,playstation ps3,WELL USED,1
ccc1ceb63b,box,games,in,LIGHTLY USED,1
cce8b3ca62,psvr2,,,LIKE NEW,1
ccece294f0,1tb,1tb white,disc,BRAND NEW,1
ccfa2b0a36,ps3,ps3 super,ps3 super slim,WELL USED,1
cd3c7346c6,1tb,pro,pro 1tb,LIGHTLY USED,17
cd63811e96,brand,brand new,brand new nintendo,BRAND NEW,15
cd6bec36d2,and,digital,digital local,BRAND NEW,1
cd77cebf68,1540,console,console model,LIGHTLY USED,1
cdd4b489e0,playstation,playstation portal,portal,BRAND NEW,3
cddbdce9c3,animal,animal crossing,animal crossing edition,LIKE NEW,3
cdfe65c93d,1tb,1tb with,disc,BRAND NEW,1
ce344e9cea,controllers,games,gta,LIGHTLY USED,1
ce3d3bb556,disc,disc version,playstation,LIKE NEW,1
ce6df28f01,hard,hard modded,lite,LIKE NEW,1
ce777cd9ba,3ds,3ds xl,new,LIGHTLY USED,8
ce9a441359,cheap,ps4,,LIGHTLY USED,1
ce9e26bd5a,box,ps5,sony,LIKE NEW,1
ce9fb8b661,console,console games,games,LIGHTLY USED,1
cec881bc20,,,,LIKE NEW,1
ced39f46d1,console,lite,lite console,BRAND NEW,1
ced5da8166,casing,original,ps5,LIKE NEW,1
ceda398d6b,charger,lite,lite with,LIKE NEW,2
cfcfbf262d,500gb,one,one 500gb,BRAND NEW,1
d010e0c209,game,joycon,no,WELL USED,1
d022e23a77,moving,moving out,moving out sale,WELL USED,1
d0484c02ec,adapter,console,controllers,WELL USED,1
d059c1fc71,digital,digital edition,edition,LIGHTLY USED,9
d06c070511,13,13 games,black,LIKE NEW,1
d06e5ef0e5,3ds,2ds,2ds new3ds,LIGHTLY USED,1
d0700607ea,wii,and,dance,HEAVILY USED,1
d084910801,accessories,all,for,WELL USED,1
d09b91260a,bnib,bnib ps5,bnib ps5 sony,BRAND NEW,1
d0c5058dda,32gb,card,light,LIGHTLY USED,1
d0c68d960d,console,console white,white,HEAVILY USED,1
d0d22ae2d2,games,ps3,ps3 games,LIKE NEW,1
d1125180b9,controllers,series,xbox,LIKE NEW,1
d151696583,deluxe,edition,game,LIKE NEW,1
d1545cb92e,2ds,2ds xl,new,LIKE NEW,1
d18fb0379a,controller,one,one with,LIGHTLY USED,1
d1a91bc10f,game,old,ps4,WELL USED,1
d1c036204b,ps5,,,LIKE NEW,15
d1c3b9f0f4,one,xbox,xbox one,LIKE NEW,25
d1d9d2046b,ps3,,,WELL USED,26
d2010485ba,3ds,3ds japanese,and,LIKE NEW,1
d2283fdac7,1tb,brand,brand new,BRAND NEW,7
d245f28e80,controllers,disc,ps5,LIKE NEW,1
d25d94d442,19,cd,console,LIGHTLY USED,1
d26590a105,switch,and,and game,WELL USED,1
d2893d5bbf,controllers,series,series with,LIGHTLY USED,2
d2bec33a80,non,ps3,red,HEAVILY USED,1
d2c1b5cca6,with,3ds,3ds xl,LIGHTLY USED,1
d2cf750333,3ds,3ds xl,pad,LIGHTLY USED,1
d314bcf4cc,controller,model,series,LIGHTLY USED,1
d3176beab0,500gb,games,ps4,WELL USED,1
d324ddd31c,game,one,one with,WELL USED,1
d32cd4f243,and,cib,console,LIKE NEW,1
d3353de261,3ds,3ds xl,3ds xl black,HEAVILY USED,1
d38c0396e4,500gb,500gb with,500gb with games,LIKE NEW,1
d3bac7165f,free,ps,,WELL USED,1
d3cbd79ca0,11,50,500gb,LIKE NEW,1
d3e15a3d3a,128gb,128gb modded,2ds,LIGHTLY USED,1
d3f9f3e8ed,and,and controllers,console,WELL USED,1
d3fc3e12f9,lightly,xbox,,LIGHTLY USED,1
d4094c61fa,new,ps3,ps3 slim,LIKE NEW,1
d4100c2a29,controllers,series,series with,LIKE NEW,2
d43969b54f,bnib,lite,switch,BRAND NEW,1
d43d71ce88,oled,switch,switch oled,LIGHTLY USED,1
d442ca87ce,and,accessories,and accessories,HEAVILY USED,1
d4644b639f,condition,controllers,in,LIGHTLY USED,1
d47a631dd7,3ds,3ds xl,3ds xl red,WELL USED,3
d49c93c89c,1tb,1tb ssd,fat,LIGHTLY USED,1
d4a2dec095,128gb,512gb,jailbreak,LIKE NEW,1
d4c9e8e2b9,and,as,console,WELL USED,1
d4ecaee8ca,and,and charging,cable,LIGHTLY USED,1
d51350bbed,lite,lite pink,nintendo,BRAND NEW,2
d552461edb,nintendo,,,HEAVILY USED,2
d56423422f,switch,,,BRAND NEW,1
d58abc140a,condition,console,good,LIGHTLY USED,1
d58f90f8ff,kinect,one,one with,LIGHTLY USED,2
d5ac580f0a,grey,grey nintendo,grey nintendo switch,LIGHTLY USED,1
d5c0e72500,12,disc,disc version,LIKE NEW,1
d5c76941fe,500gb,controllers,eye,WELL USED,1
d65ca3909b,nintendo,nintendo switch,protector,BRAND NEW,1
d67da4588a,1540,console,guarantee,LIGHTLY USED,1
d68073ffb6,case,grey,grey nintendo,LIKE NEW,1
d6abb71cda,nintendo,nintendo switch,off,LIKE NEW,1
d6bf410ead,one,spoilt,xbox,WELL USED,1
d6c0962480,bundle,ps5,,WELL USED,1
d6fc5268b8,500gb,controller,series,LIKE NEW,1
d7135b9b2a,black,ps3,,LIGHTLY USED,1
d72fc26eb7,3ds,3ds xl,game,LIGHTLY USED,1
d734ef6709,3ds,2ds,2ds dsi,LIKE NEW,1
d745a96dde,console,additional,board,LIKE NEW,1
d75295aa3d,3ds,3ds xl,3ds xl pikachu,LIKE NEW,2
d7a8ad566b,edition,lite,lite pokemon,LIGHTLY USED,2
d7b42091f8,console,ps5,ps5 console,BRAND NEW,1
d7c1153424,playstation,playstation super,playstation super slim,LIGHTLY USED,2
d7c3ed8a72,controllers,ps5,ps5 with,LIGHTLY USED,1
d7e9b0fa20,games,playstation,playstation with,WELL USED,2
d7f4051d12,1tb,playstation,playstation 1tb,WELL USED,1
d7ff148f1e,playstation,,,WELL USED,27
d8003251cf,halo,and,comes,LIGHTLY USED,1
d80336626e,3ds,ds,for,LIGHTLY USED,1
d808626f6e,1tb,playstation,playstation pro,WELL USED,1
d80a8d0339,2ds,2ds xl,2ds xl hylian,LIKE NEW,1
d869a2292f,black,elite,elite series,WELL USED,1
d8713e79e9,blue,controller,edition,BRAND NEW,1
d8730a3b34,charging,console,console controller,LIGHTLY USED,1
d896c9a971,controller,ps4,ps4 controller,LIGHTLY USED,3
d91a623ea6,series,controller,series controller,LIKE NEW,1
d938bda2d9,console,ps4,ps4 console,WELL USED,2
d94c7dd4e5,series,series tb,tb,LIKE NEW,2
d97a0d3a3b,1tb,full,full set,LIGHTLY USED,3
d9805eb633,edition,ps3,,WELL USED,1
d9846f5ed6,1tb,1tb ssd,diablo,LIKE NEW,1
d9b76050ae,controller,original,robot,BRAND NEW,1
d9dbb70523,controllers,disc,disc edition,LIKE NEW,1
d9dbf1e858,1tb,disc,disc 1tb,LIKE NEW,2
d9f14529ed,disc,disc version,local,LIKE NEW,1
d9f3f19910,controller,controller white,one,LIGHTLY USED,1
d9f7a96400,controller,ps4,ps4 controller,LIKE NEW,3
da1f701933,digital,digital version,playstation,LIKE NEW,1
da36f37ec7,for,black,card,WELL USED,1
da4be2c463,3ds,128gb,2ds,LIKE NEW,1
da4edf25fe,1tb,box,box one,LIGHTLY USED,2
da54e3787a,01,10,1tb,LIGHTLY USED,1
dab8c7120e,825gb,digital,ps5,LIGHTLY USED,1
daf0c483c2,custom,lite,nintendo,LIGHTLY USED,1
daf134c9e8,play,play station,station,WELL USED,1
db3004e96d,1tb,1tb with,1tb with controllers,LIKE NEW,4
db4c1d58e8,3ds,3ds black,black,HEAVILY USED,2
db5e464f46,1tb,tv,xbox,LIKE NEW,1
db7c1c6f56,11,console,console with,WELL USED,1
db9e7cc121,320gb,and,ps3,LIGHTLY USED,1
dbdfc26f60,consoles,nintendo,nintendo consoles,HEAVILY USED,1
dbf97d7e84,512gb,series,series 512gb,LIKE NEW,6
dc0b4343d5,500gb,500gb ps4,ps4,WELL USED,1
dc1295f436,console,console only,lite,WELL USED,1
dc366c836f,console,console disc,disc,LIKE NEW,1
dc3c42728e,3ds,3ds ll,junk,WELL USED,1
dc61144843,classic,controller,nintendo,BRAND NEW,1
dc6b5a1019,controller,controller with,model,LIKE NEW,1
dc94e01e01,games,playstation,playstation with,LIKE NEW,1
dcb5e430d8,mod,nintendo,nintendo switch,BRAND NEW,1
dce6c1aca1,charging,charging station,dual,LIKE NEW,1
dd086374cf,for,for sale,ps4,LIGHTLY USED,3
dd17d23f85,modded,nintendo,nintendo switch,LIGHTLY USED,2
dd44efd8da,console,game,game console,HEAVILY USED,1
dd6ce2e330,ps5,ps5 slim,slim,BRAND NEW,1
dd7d4cdaad,cheap,lite,switch,LIKE NEW,1
ddd343e76a,3ds,edition,edition modded,LIKE NEW,1
dddb41b8cb,3ds,3ds black,black,WELL USED,1
dde4748e68,20th,20th anniversary,anniversary,BRAND NEW,2
de0c96bb1a,001,nintendo,nintendo wii,WELL USED,2
de1e7959c9,controller,xbox,xbox controller,LIGHTLY USED,2
de21c669b3,lite,nintendo,nintendo switch,WELL USED,10
de31956629,ps3,sony,sony ps3,WELL USED,1
de440b9721,limited,2tb,500,LIGHTLY USED,1
de5422abe6,animal,animal crossing,crossing,LIKE NEW,5
de54b9328a,ds,nintendo,nintendo ds,LIGHTLY USED,2
de75787562,120gb,and,condition,LIGHTLY USED,1
de98370e1e,move,playstation,ps3,LIKE NEW,1
dea15a3efc,160gb,ps3,ps3 slim,HEAVILY USED,1
dea5bdf91c,playstation,playstation ps4,ps4,WELL USED,1
def78e8db8,grey,lite,lite yellow,LIKE NEW,1
df2da2cd03,500gb,accessories,accessories games,WELL USED,1
df2ec832f2,console,controller,nintendo,LIGHTLY USED,1
df4a58ad7e,new,working,,BRAND NEW,1
df50e41922,512gb,one,sale,WELL USED,1
df68f06348,ds,3ds,but,HEAVILY USED,1
df81e94adf,bundle,cib,ps3,LIGHTLY USED,1
dfb4b2fba0,gen,model,model white,BRAND NEW,1
dfc79d4c50,console,console with,grey,LIKE NEW,1
dfe86d5884,500gb,modded,playstation,LIGHTLY USED,1
dff6e212f5,ps3,,,LIGHTLY USED,23
e017c3e0e3,and,games,games and,LIGHTLY USED,1
e01a2119b3,3ds,3ds xl,black,LIGHTLY USED,2
e071064743,825gb,ps5,sony,WELL USED,1
e0a040bb27,500gb,kinect,one,WELL USED,2
e0fb7c97b6,11,2ds,2ds xl,LIKE NEW,1
e117929f71,animal,animal crossing,console,BRAND NEW,3
e1404977cb,3ds,3ds xl,3ds xl modded,HEAVILY USED,2
e141d3653e,lcd,nintendo,nintendo switch,LIKE NEW,1
e15fe723fa,nintendo,nintendo wii,wii,WELL USED,26
e196a6e7d1,full,full set,nintendo,LIGHTLY USED,2
e1e51b8a4a,one,one white,only,WELL USED,1
e1ed00676b,green,lite,lite turquoise,BRAND NEW,1
e205bed852,2ds,blue,ll,WELL USED,1
e22efd9340,one,xbox,xbox one,LIGHTLY USED,74
e27c0c7dba,black,ds,ds lite,WELL USED,2
e2a3272e92,controller,series,series controller,LIKE NEW,1
e2dad9230f,console,ps5,ps5 slim,BRAND NEW,1
e3032e4cc4,case,lite,lite with,LIGHTLY USED,1
e367dd569d,3ds,3ds xl,new,WELL USED,5
e374f09f8c,console,digital,digital edition,BRAND NEW,1
e3b45d1217,model,nintendo,oled,LIGHTLY USED,1
e3ed35d577,30th,30th anniversary,anniversary,BRAND NEW,15
e43b8a2bdb,console,disc,disc console,LIGHTLY USED,4
e4669a8ebe,cheap,one,only,WELL USED,1
e508f2da2c,1tb,bnib,ps5,BRAND NEW,1
e548c79ab5,2ds,nintendo,nintendo 2ds,LIKE NEW,1
e57353ffbc,playstation,sony,sony playstation,BRAND NEW,1
e637841851,3ds,3ds xl,3ds xl pokemon,WELL USED,1
e63f648d8a,500gb,black,full,LIGHTLY USED,1
e65999fc89,3ds,3ds modded,modded,LIKE NEW,3
e667f9aafa,50,gen,ps4,WELL USED,1
e688327258,disc,for,for xbox,LIKE NEW,1
e6aba0c5d4,edition,3ds,3ds xl,LIKE NEW,1
e6b71c2b03,1tb,can,can nego,BRAND NEW,1
e6c8fa2e5d,console,console white,playstation,WELL USED,1
e704a60c1e,500gb,500gb cuh,cuh,WELL USED,1
e759230085,all,in,in the,LIKE NEW,1
e781f48daa,and,as,cables,HEAVILY USED,1
e7c08620e6,nintendo,nintendo switch,pearl,LIKE NEW,1
e7f119a10f,games,kinect,kinect games,WELL USED,1
e8036d8c09,ps4,version,,WELL USED,1
e818655b2a,1tb,disc,disc edition,LIGHTLY USED,1
e87654ccc4,console,games,gaming,LIKE NEW,1
e87ce7adf6,new,3ds,3ds xl,LIKE NEW,1
e8a20a0680,kinect,one,one with,WELL USED,1
e8b7f9aece,gen,modded,nintendo,LIGHTLY USED,1
e8dbd1075b,edition,500,500 gb,LIGHTLY USED,1
e937cbb354,play,play station,station,LIKE NEW,1
e95d5b35f7,one,sealed,xbox,BRAND NEW,2
e996d6ab10,hdmi,local,local set,WELL USED,1
e99937775f,all,games,in,WELL USED,1
e9ac04fbf1,and,lite,lite turquoise,LIGHTLY USED,1
e9b63e0dc5,console,controllers,one,LIGHTLY USED,1
e9d7516845,3ds,3ds xl,ds,WELL USED,1
e9e3a61678,carrying,carrying case,case,LIGHTLY USED,1
ea222fb9f4,1tb,disc,disc edition,LIKE NEW,1
ea32c11172,console,game,game console,LIGHTLY USED,2
ea36800cd5,2ds,2ds xl,2ds xl modded,WELL USED,1
ea42fc1110,console,console free,controllers,LIGHTLY USED,1
ea6e4d9871,lite,lite pink,nintendo,LIGHTLY USED,2
ea9e738b17,coral,coral pink,lite,LIKE NEW,2
eaa3353624,used,xbox,,LIGHTLY USED,1
eaa56a265c,controller,edition,edition with,LIKE NEW,1
eaab950326,825gb,digital,playstation,LIGHTLY USED,1
eacac610f9,controllers,pro,pro controllers,LIKE NEW,1
eaf07783e6,3ds,black,black nintendo,LIKE NEW,1
eb07ddca0c,825gb,digital,ps5,LIKE NEW,1
eb102d7831,controller,nintendo,nintendo switch,LIKE NEW,1
eb2f773c38,3ds,3ds xl,cib,LIKE NEW,1
eb39044784,black,midnight,midnight black,LIKE NEW,1
eb42ada033,console,edition,playstation,LIGHTLY USED,1
eb50e16bea,board,games,nintendo,WELL USED,1
eb67ce829e,nintendo,nintendo switch,switch,BRAND NEW,5
eb6e06bda2,3ds,edition,edition pokemon,LIGHTLY USED,1
eb947ce63a,black,full,games,LIGHTLY USED,1
eba16b9161,console,lite,lite console,LIGHTLY USED,1
ebaf5e0ab7,free,playstation,playstation ps3,LIGHTLY USED,1
ebbd648108,1tb,1tb controller,controller,LIGHTLY USED,2
ebd05d14fa,1tb,box,no,LIGHTLY USED,1
ebd29abc61,animal,animal crossing,comes,LIKE NEW,1
ebdab8a1e6,including,logitech,steering,LIKE NEW,1
ebf5156dbd,1tb,1tb with,1tb with controller,LIKE NEW,3
ec0f91e962,256gb,full,full set,LIKE NEW,1
ec42caed51,1tb,series,series 1tb,LIKE NEW,34
ec68ab6ef1,consoles,game,,LIKE NEW,1
ec839a835e,disc,edition,limited,LIKE NEW,1
eccff40018,console,just,lite,LIKE NEW,1
ecd15a9e2e,controller,wired,wired controller,BRAND NEW,1
ecd830cc2e,no,play,series,LIKE NEW,1
ecf7d70748,1tb,description,one,LIKE NEW,1
ecf86cf03a,3ds,3ds xl,3ds xl monster,LIKE NEW,1
ecf9c3c79d,1tb,disc,ps5,BRAND NEW,1
ed0803449a,and,and wii,bundle,WELL USED,1
ed258f945e,32gb,32gb with,32gb with accesories,WELL USED,3
ed465b80b8,bros,mario,mario bros,LIGHTLY USED,1
ed9a047326,edition,3ds,3ds xl,BRAND NEW,1
edccbe4096,local,local set,nintendo,BRAND NEW,1
ede02d129b,edition,forza,forza horizon,BRAND NEW,1
edf7a72bf1,500gb,playstation,playstation super,HEAVILY USED,1
edf8ee00ed,32gb,edition,faceplate,LIGHTLY USED,1
ee29836f29,nintendo,nintendo switch,nintendo switch with,LIGHTLY USED,1
ee39671e30,1tb,disc,disc version,LIGHTLY USED,1
ee5939a521,console,wii,wii console,LIGHTLY USED,2
ee63328c84,kart,mario,mario kart,LIGHTLY USED,2
eea1c48415,160gb,console,console with,WELL USED,1
eec38eb3e2,black,colour,controller,LIGHTLY USED,1
eec4a00f6f,20,controller,fifa,LIGHTLY USED,1
eecd2a9c31,console,series,series console,WELL USED,1
ef615c2e0f,825gb,controller,disc,LIKE NEW,1
ef62a54ff2,bnib,bundle,ps4,BRAND NEW,1
ef6386449c,console,console controller,controller,LIKE NEW,1
ef7b30c7b6,all,for,nintendo,LIKE NEW,1
efa6ee5909,condition,good,good condition,WELL USED,1
efb71cce95,authentic,cable,charging,LIGHTLY USED,1
efc9d1c24c,almost,almost new,as,LIKE NEW,1
efebbb427b,lite,lite pink,nintendo,WELL USED,1
eff526a042,model,model white,nintendo,BRAND NEW,4
f0148e4d8b,3ds,3ds ll,cib,LIKE NEW,1
f03219cf5a,black,wii,,LIGHTLY USED,1
f05bff45c9,lite,lite turquoise,nintendo,BRAND NEW,1
f063931578,console,500gb,edition,WELL USED,1
f071f689e3,sold,,,LIKE NEW,1
f08f5bc720,wii,black,console,LIGHTLY USED,1
f0c61ba38c,console,digital,like,LIKE NEW,1
f0d0f81c56,wii,and,and wii,WELL USED,1
f0e379a008,playstation,ps4,ps4 playstation,LIKE NEW,1
f0f735b616,digital,digital edition,digital edition slim,BRAND NEW,1
f10ed7b492,games,one,one with,WELL USED,3
f14c47ace6,account,and,genshin,WELL USED,1
f1e4f8175a,cd,games,games cd,LIGHTLY USED,1
f1e7b001b7,disc,ps5,ps5 slim,BRAND NEW,2
f1f7fcd0c9,console,digital,game,LIKE NEW,1
f2460731ee,camera,for,motion,LIKE NEW,1
f267528d77,deal,fast,fast deal,LIKE NEW,2
f2740ca89c,black,nintendo,nintendo wii,LIGHTLY USED,1
f2ca3d23e2,games,many,ps4,WELL USED,1
f2fa174b96,one,one tb,tb,LIGHTLY USED,3
f30e58b1af,2ds,2ds xl,2ds xl modded,LIGHTLY USED,2
f318b74619,controllers,ps4,ps4 with,WELL USED,2
f38b1e5b51,and,console,console with,WELL USED,1
f3cef5daa4,ps5,and,and two,LIKE NEW,1
f3ddc63f7e,lite,lite with,nintendo,LIKE NEW,1
f3eeb4611e,3ds,edition,mario,LIKE NEW,1
f412022d90,digital,playstation,playstation digital,LIGHTLY USED,3
f41fb1e395,2ds,2ds xl,64gb,LIGHTLY USED,1
f448c3cf3d,nitendo,nitendo switch,switch,LIGHTLY USED,1
f4ce4a6df7,2ds,blue,nintendo,LIGHTLY USED,1
f4e6e6b078,500gb,playstation,playstation slim,WELL USED,1
f523e7f8cf,1tb,1tb controller,controller,LIKE NEW,1
f528d7d343,nintendo,nintendo oled,oled,WELL USED,1
f5c01aa3b6,512gb,xbox,,LIKE NEW,1
f6282378b1,black,series,xbox,LIKE NEW,1
f6396376b8,3ds,3ds with,3ds with games,LIKE NEW,1
f645ebb7ee,500gb,500gb with,and,WELL USED,1
f672a23f6d,1tb,1tb storage,ps4,LIGHTLY USED,1
f67f293200,box,box one,one,LIGHTLY USED,2
f68024f734,3ds,3ds xl,3ds xl console,WELL USED,2
f6b0614a48,controllers,one,one with,LIKE NEW,1
f6c5451eca,500gb,500gb ps4,ps4,LIGHTLY USED,1
f707b7afb3,3ds,3ds xl,nintendo,LIKE NEW,16
f70fdaaae8,1tb,digital,digital edition,BRAND NEW,8
f7233371e0,ps4,,,HEAVILY USED,3
f7621a40c5,2ds,2ds modded,and,LIGHTLY USED,1
f770d128c1,3ds,3ds xl,3ds xl ll,LIKE NEW,1
f79fb863aa,xbox,,,LIKE NEW,2
f7c95c4f0f,ps3,ps3 slim,slim,LIGHTLY USED,3
f7e9e56d6d,controller,dualsense,dualsense controller,LIGHTLY USED,1
f7eb9f0232,320gb,playstation,playstation ps3,LIKE NEW,1
f7fa85a4db,console,ps3,ps3 super,LIGHTLY USED,1
f82849f7c2,full,full set,games,WELL USED,1
f8a1b6351b,and,bros,can,LIGHTLY USED,1
f8af418b5d,1tb,1tb games,charger,LIGHTLY USED,1
f8ee9ccebb,case,game,lite,LIGHTLY USED,1
f90517e52a,20th,controller,edition,LIGHTLY USED,1
f9291018a2,and,and charger,charger,LIKE NEW,1
f94e7951a9,and,for,parts,WELL USED,1
f9d750e771,disc,disc version,phat,LIGHTLY USED,1
fa03703fc0,game,nintendo,nintendo oled,LIKE NEW,1
fa3da2d620,account,for,or,BRAND NEW,1
fa49a08fc1,full,full set,nintendo,LIKE NEW,1
fa72aab4df,wii,games,wii games,LIGHTLY USED,1
fa87db0bb7,drive,one,one with,LIGHTLY USED,1
fa93802f65,on,ps3,spoilt,HEAVILY USED,1
faaeecb0d2,3ds,3ds xl,nintendo,LIGHTLY USED,27
fad1469966,2ds,on,turn,HEAVILY USED,1
fae801a3c3,ps3,psp,slim,HEAVILY USED,1
fb19817f6d,controllers,edition,minecraft,LIGHTLY USED,1
fb2f1c195b,faulty,one,one tb,WELL USED,1
fb3450dbcc,star,wars,500gb,WELL USED,1
fb3a6bad0f,black,ds,ds lite,LIGHTLY USED,4
fb5016d0c5,black,nintendo,nintendo wii,WELL USED,2
fb7577a783,console,nintendo,nintendo wii,HEAVILY USED,2
fb9dcbd5ed,digital,digital local,local,LIGHTLY USED,1
fbce53e444,14,bundle,on,LIKE NEW,1
fbd50b9bd7,1tb,card,expansion,LIKE NEW,1
fbeeaa3a93,digital,ps5,ps5 digital,LIGHTLY USED,2
fbf2689e1f,animal,animal crossing,animal crossing edition,BRAND NEW,4
fc0228c144,and,dialga,edition,LIKE NEW,1
fc07724b78,games,playstation,playstation slim,LIGHTLY USED,1
fc1683427f,3ds,new,nintendo,LIGHTLY USED,1
fc22588221,one,xbox,xbox one,BRAND NEW,1
fc570d6ead,like,like new,months,LIKE NEW,1
fc6ab6ece7,controller,ps5,ps5 controller,LIKE NEW,5
fcc6c41826,cheap,monitor,selling,LIKE NEW,1
fce51411e0,500gb,console,console with,LIGHTLY USED,1
fd282843df,dock,playstation,with,LIKE NEW,1
fd7404e7c3,3ds,3ds xl,deal,WELL USED,1
fd89453406,almost,almost new,new,LIKE NEW,3
fd9eb4b098,free,xbox,console,LIGHTLY USED,1
fdadcaced3,500gb,500gb cuh,cuh,LIGHTLY USED,1
fddb21ff53,nintendo,nintendo wii,original,LIGHTLY USED,1
fdfd15229b,1tb,1tb storage,colour,LIKE NEW,1
fe2272e48f,and,and controller,classic,WELL USED,1
fe5630f1d6,1tb,1tb ssd,series,LIGHTLY USED,2
fe884627b0,one,with,1tb,LIGHTLY USED,1
fe9a3f8e05,controllers,pro,pro with,LIGHTLY USED,1
fecc6f99bb,console,playstation,playstation ps3,WELL USED,2
ff51d6871d,nintendo,,,BRAND NEW,1
ff5816933d,controllers,plus,ps5,LIKE NEW,1
ff6dd87d72,playstation,playstation ps3,ps3,WELL USED,4
fff1abc546,64gb,nintendo,nintendo switch,LIKE NEW,1
